chr	context	strand	Read	Position	nMethylated	nUnmethylated	nMethylated(+dups)	nUnmethylated(+dups)
phage_lambda	CHG	OB	1	1	285	342	359	409
phage_lambda	CHG	OB	1	10	301	235	459	345
phage_lambda	CHG	OB	1	11	285	285	398	391
phage_lambda	CHG	OB	1	12	278	249	421	355
phage_lambda	CHG	OB	1	13	314	259	432	370
phage_lambda	CHG	OB	1	14	304	255	458	391
phage_lambda	CHG	OB	1	15	286	265	428	409
phage_lambda	CHG	OB	1	16	298	279	457	390
phage_lambda	CHG	OB	1	17	300	250	456	406
phage_lambda	CHG	OB	1	18	311	259	498	431
phage_lambda	CHG	OB	1	19	344	262	535	468
phage_lambda	CHG	OB	1	2	248	310	309	377
phage_lambda	CHG	OB	1	20	355	256	550	457
phage_lambda	CHG	OB	1	21	336	264	519	443
phage_lambda	CHG	OB	1	22	354	295	594	500
phage_lambda	CHG	OB	1	23	359	290	582	493
phage_lambda	CHG	OB	1	24	336	267	585	486
phage_lambda	CHG	OB	1	25	343	265	538	488
phage_lambda	CHG	OB	1	26	386	271	656	449
phage_lambda	CHG	OB	1	27	360	286	587	562
phage_lambda	CHG	OB	1	28	345	281	617	496
phage_lambda	CHG	OB	1	29	383	312	601	553
phage_lambda	CHG	OB	1	3	234	263	310	330
phage_lambda	CHG	OB	1	30	396	295	639	509
phage_lambda	CHG	OB	1	31	361	313	633	556
phage_lambda	CHG	OB	1	32	403	311	642	532
phage_lambda	CHG	OB	1	33	377	333	626	586
phage_lambda	CHG	OB	1	34	370	289	658	491
phage_lambda	CHG	OB	1	35	374	300	603	534
phage_lambda	CHG	OB	1	36	355	306	656	548
phage_lambda	CHG	OB	1	37	306	291	519	495
phage_lambda	CHG	OB	1	38	356	273	578	445
phage_lambda	CHG	OB	1	39	312	302	514	500
phage_lambda	CHG	OB	1	4	257	246	317	287
phage_lambda	CHG	OB	1	40	323	260	559	439
phage_lambda	CHG	OB	1	41	308	260	483	436
phage_lambda	CHG	OB	1	42	291	251	476	408
phage_lambda	CHG	OB	1	43	271	266	435	435
phage_lambda	CHG	OB	1	44	293	260	468	383
phage_lambda	CHG	OB	1	45	233	214	399	356
phage_lambda	CHG	OB	1	46	285	196	456	324
phage_lambda	CHG	OB	1	47	258	207	405	343
phage_lambda	CHG	OB	1	48	252	204	402	341
phage_lambda	CHG	OB	1	49	267	192	418	313
phage_lambda	CHG	OB	1	5	220	231	285	293
phage_lambda	CHG	OB	1	50	241	189	403	313
phage_lambda	CHG	OB	1	51	223	182	366	292
phage_lambda	CHG	OB	1	52	211	176	407	294
phage_lambda	CHG	OB	1	53	212	164	366	300
phage_lambda	CHG	OB	1	54	210	142	373	260
phage_lambda	CHG	OB	1	55	203	181	358	303
phage_lambda	CHG	OB	1	56	186	136	341	253
phage_lambda	CHG	OB	1	57	171	145	298	264
phage_lambda	CHG	OB	1	58	187	150	380	236
phage_lambda	CHG	OB	1	59	193	140	346	257
phage_lambda	CHG	OB	1	6	243	234	315	301
phage_lambda	CHG	OB	1	60	156	137	337	270
phage_lambda	CHG	OB	1	61	173	126	345	268
phage_lambda	CHG	OB	1	62	161	126	379	256
phage_lambda	CHG	OB	1	63	162	118	304	245
phage_lambda	CHG	OB	1	64	166	107	333	215
phage_lambda	CHG	OB	1	65	154	121	297	231
phage_lambda	CHG	OB	1	66	143	97	334	236
phage_lambda	CHG	OB	1	67	156	112	311	253
phage_lambda	CHG	OB	1	68	121	113	306	233
phage_lambda	CHG	OB	1	69	128	110	229	200
phage_lambda	CHG	OB	1	7	281	255	347	342
phage_lambda	CHG	OB	1	70	127	81	244	145
phage_lambda	CHG	OB	1	71	87	91	185	170
phage_lambda	CHG	OB	1	72	117	75	216	153
phage_lambda	CHG	OB	1	73	95	67	203	126
phage_lambda	CHG	OB	1	74	83	68	152	123
phage_lambda	CHG	OB	1	75	38	86	76	137
phage_lambda	CHG	OB	1	76	65	16	113	29
phage_lambda	CHG	OB	1	8	244	264	364	336
phage_lambda	CHG	OB	1	9	254	238	354	336
phage_lambda	CHG	OB	2	1	165	296	216	334
phage_lambda	CHG	OB	2	10	243	210	360	315
phage_lambda	CHG	OB	2	11	246	227	339	326
phage_lambda	CHG	OB	2	12	267	222	369	306
phage_lambda	CHG	OB	2	13	250	235	349	327
phage_lambda	CHG	OB	2	14	260	197	383	290
phage_lambda	CHG	OB	2	15	262	230	351	349
phage_lambda	CHG	OB	2	16	256	250	374	355
phage_lambda	CHG	OB	2	17	237	224	364	341
phage_lambda	CHG	OB	2	18	281	245	441	395
phage_lambda	CHG	OB	2	19	288	233	485	401
phage_lambda	CHG	OB	2	2	233	225	289	264
phage_lambda	CHG	OB	2	20	330	227	552	391
phage_lambda	CHG	OB	2	21	283	245	480	433
phage_lambda	CHG	OB	2	22	328	252	565	445
phage_lambda	CHG	OB	2	23	310	261	509	477
phage_lambda	CHG	OB	2	24	291	270	522	457
phage_lambda	CHG	OB	2	25	314	257	526	510
phage_lambda	CHG	OB	2	26	330	253	572	451
phage_lambda	CHG	OB	2	27	307	252	525	481
phage_lambda	CHG	OB	2	28	308	255	549	483
phage_lambda	CHG	OB	2	29	344	266	577	475
phage_lambda	CHG	OB	2	3	190	241	231	283
phage_lambda	CHG	OB	2	30	371	303	619	526
phage_lambda	CHG	OB	2	31	328	265	541	525
phage_lambda	CHG	OB	2	32	387	258	664	488
phage_lambda	CHG	OB	2	33	332	301	578	579
phage_lambda	CHG	OB	2	34	344	309	621	536
phage_lambda	CHG	OB	2	35	355	300	626	547
phage_lambda	CHG	OB	2	36	308	279	560	502
phage_lambda	CHG	OB	2	37	352	260	602	452
phage_lambda	CHG	OB	2	38	352	287	562	480
phage_lambda	CHG	OB	2	39	307	293	503	484
phage_lambda	CHG	OB	2	4	203	181	241	206
phage_lambda	CHG	OB	2	40	333	282	532	441
phage_lambda	CHG	OB	2	41	315	282	485	431
phage_lambda	CHG	OB	2	42	319	286	482	451
phage_lambda	CHG	OB	2	43	298	294	447	444
phage_lambda	CHG	OB	2	44	326	260	504	398
phage_lambda	CHG	OB	2	45	275	245	440	388
phage_lambda	CHG	OB	2	46	290	243	436	371
phage_lambda	CHG	OB	2	47	268	241	419	371
phage_lambda	CHG	OB	2	48	302	241	483	376
phage_lambda	CHG	OB	2	49	287	249	454	399
phage_lambda	CHG	OB	2	5	185	201	229	247
phage_lambda	CHG	OB	2	50	268	219	440	353
phage_lambda	CHG	OB	2	51	279	233	439	360
phage_lambda	CHG	OB	2	52	261	229	476	368
phage_lambda	CHG	OB	2	53	239	186	390	327
phage_lambda	CHG	OB	2	54	257	207	432	346
phage_lambda	CHG	OB	2	55	215	199	404	338
phage_lambda	CHG	OB	2	56	231	174	414	314
phage_lambda	CHG	OB	2	57	236	184	404	316
phage_lambda	CHG	OB	2	58	248	186	477	339
phage_lambda	CHG	OB	2	59	244	175	450	306
phage_lambda	CHG	OB	2	6	220	208	265	246
phage_lambda	CHG	OB	2	60	232	180	452	340
phage_lambda	CHG	OB	2	61	213	178	419	344
phage_lambda	CHG	OB	2	62	194	163	426	319
phage_lambda	CHG	OB	2	63	190	150	401	330
phage_lambda	CHG	OB	2	64	220	158	433	342
phage_lambda	CHG	OB	2	65	201	149	380	304
phage_lambda	CHG	OB	2	66	146	150	332	287
phage_lambda	CHG	OB	2	67	171	151	332	300
phage_lambda	CHG	OB	2	68	153	155	333	256
phage_lambda	CHG	OB	2	69	152	126	306	249
phage_lambda	CHG	OB	2	7	224	205	263	261
phage_lambda	CHG	OB	2	70	155	134	294	256
phage_lambda	CHG	OB	2	71	132	119	230	219
phage_lambda	CHG	OB	2	72	155	98	237	172
phage_lambda	CHG	OB	2	73	144	101	209	170
phage_lambda	CHG	OB	2	74	103	74	159	118
phage_lambda	CHG	OB	2	75	74	54	102	72
phage_lambda	CHG	OB	2	76	52	0	74	0
phage_lambda	CHG	OB	2	8	210	192	277	248
phage_lambda	CHG	OB	2	9	216	212	286	282
phage_lambda	CHG	OT	1	1	104	31	108	31
phage_lambda	CHG	OT	1	10	72	49	78	54
phage_lambda	CHG	OT	1	11	67	42	74	42
phage_lambda	CHG	OT	1	12	55	64	58	64
phage_lambda	CHG	OT	1	13	78	28	82	31
phage_lambda	CHG	OT	1	14	96	61	99	62
phage_lambda	CHG	OT	1	15	84	43	91	44
phage_lambda	CHG	OT	1	16	88	67	91	69
phage_lambda	CHG	OT	1	17	99	51	101	54
phage_lambda	CHG	OT	1	18	84	64	86	66
phage_lambda	CHG	OT	1	19	105	54	112	55
phage_lambda	CHG	OT	1	2	37	69	37	72
phage_lambda	CHG	OT	1	20	96	80	100	81
phage_lambda	CHG	OT	1	21	90	78	99	82
phage_lambda	CHG	OT	1	22	107	70	108	72
phage_lambda	CHG	OT	1	23	109	83	111	85
phage_lambda	CHG	OT	1	24	112	76	119	79
phage_lambda	CHG	OT	1	25	107	74	113	77
phage_lambda	CHG	OT	1	26	93	74	94	80
phage_lambda	CHG	OT	1	27	113	78	121	82
phage_lambda	CHG	OT	1	28	101	67	108	70
phage_lambda	CHG	OT	1	29	115	76	120	80
phage_lambda	CHG	OT	1	3	62	39	64	39
phage_lambda	CHG	OT	1	30	84	77	89	81
phage_lambda	CHG	OT	1	31	98	88	105	90
phage_lambda	CHG	OT	1	32	123	85	129	87
phage_lambda	CHG	OT	1	33	109	80	116	84
phage_lambda	CHG	OT	1	34	105	77	111	81
phage_lambda	CHG	OT	1	35	111	85	116	86
phage_lambda	CHG	OT	1	36	102	80	108	83
phage_lambda	CHG	OT	1	37	119	76	127	84
phage_lambda	CHG	OT	1	38	109	79	114	87
phage_lambda	CHG	OT	1	39	107	81	112	87
phage_lambda	CHG	OT	1	4	63	51	64	53
phage_lambda	CHG	OT	1	40	114	66	125	70
phage_lambda	CHG	OT	1	41	96	69	102	74
phage_lambda	CHG	OT	1	42	116	69	126	71
phage_lambda	CHG	OT	1	43	105	69	105	74
phage_lambda	CHG	OT	1	44	117	76	124	77
phage_lambda	CHG	OT	1	45	91	56	97	60
phage_lambda	CHG	OT	1	46	105	65	121	69
phage_lambda	CHG	OT	1	47	84	76	86	79
phage_lambda	CHG	OT	1	48	102	67	111	72
phage_lambda	CHG	OT	1	49	106	55	109	56
phage_lambda	CHG	OT	1	5	66	47	69	48
phage_lambda	CHG	OT	1	50	79	63	89	67
phage_lambda	CHG	OT	1	51	96	56	107	57
phage_lambda	CHG	OT	1	52	88	52	98	53
phage_lambda	CHG	OT	1	53	95	50	103	54
phage_lambda	CHG	OT	1	54	89	47	100	50
phage_lambda	CHG	OT	1	55	77	46	90	48
phage_lambda	CHG	OT	1	56	79	60	85	64
phage_lambda	CHG	OT	1	57	65	51	69	51
phage_lambda	CHG	OT	1	58	90	56	100	59
phage_lambda	CHG	OT	1	59	48	39	52	40
phage_lambda	CHG	OT	1	6	60	46	62	46
phage_lambda	CHG	OT	1	60	60	43	65	43
phage_lambda	CHG	OT	1	61	57	39	61	41
phage_lambda	CHG	OT	1	62	53	41	55	43
phage_lambda	CHG	OT	1	63	60	36	68	38
phage_lambda	CHG	OT	1	64	49	23	54	23
phage_lambda	CHG	OT	1	65	31	36	33	37
phage_lambda	CHG	OT	1	66	32	32	34	32
phage_lambda	CHG	OT	1	67	33	29	38	31
phage_lambda	CHG	OT	1	68	36	24	36	26
phage_lambda	CHG	OT	1	69	46	19	46	19
phage_lambda	CHG	OT	1	7	54	60	56	61
phage_lambda	CHG	OT	1	70	40	17	40	18
phage_lambda	CHG	OT	1	71	22	17	22	17
phage_lambda	CHG	OT	1	72	28	14	32	14
phage_lambda	CHG	OT	1	73	34	29	36	30
phage_lambda	CHG	OT	1	74	25	23	25	23
phage_lambda	CHG	OT	1	75	31	25	32	26
phage_lambda	CHG	OT	1	76	34	22	37	23
phage_lambda	CHG	OT	1	8	71	70	73	75
phage_lambda	CHG	OT	1	9	75	56	77	61
phage_lambda	CHG	OT	2	1	100	40	105	40
phage_lambda	CHG	OT	2	10	94	58	100	63
phage_lambda	CHG	OT	2	11	82	55	86	55
phage_lambda	CHG	OT	2	12	63	80	67	80
phage_lambda	CHG	OT	2	13	91	41	97	45
phage_lambda	CHG	OT	2	14	117	89	122	91
phage_lambda	CHG	OT	2	15	103	52	113	53
phage_lambda	CHG	OT	2	16	96	82	96	85
phage_lambda	CHG	OT	2	17	113	64	115	66
phage_lambda	CHG	OT	2	18	111	82	118	85
phage_lambda	CHG	OT	2	19	123	68	137	73
phage_lambda	CHG	OT	2	2	51	71	52	75
phage_lambda	CHG	OT	2	20	121	94	126	97
phage_lambda	CHG	OT	2	21	120	101	126	105
phage_lambda	CHG	OT	2	22	122	89	127	91
phage_lambda	CHG	OT	2	23	135	95	148	99
phage_lambda	CHG	OT	2	24	142	88	154	92
phage_lambda	CHG	OT	2	25	143	82	147	87
phage_lambda	CHG	OT	2	26	111	100	113	107
phage_lambda	CHG	OT	2	27	116	91	124	97
phage_lambda	CHG	OT	2	28	139	81	154	85
phage_lambda	CHG	OT	2	29	151	99	166	104
phage_lambda	CHG	OT	2	3	73	47	76	48
phage_lambda	CHG	OT	2	30	99	87	102	92
phage_lambda	CHG	OT	2	31	119	90	128	94
phage_lambda	CHG	OT	2	32	142	93	152	97
phage_lambda	CHG	OT	2	33	149	99	163	104
phage_lambda	CHG	OT	2	34	137	79	142	79
phage_lambda	CHG	OT	2	35	117	80	126	82
phage_lambda	CHG	OT	2	36	102	89	114	91
phage_lambda	CHG	OT	2	37	109	75	115	80
phage_lambda	CHG	OT	2	38	134	83	147	91
phage_lambda	CHG	OT	2	39	97	68	101	71
phage_lambda	CHG	OT	2	4	83	58	87	61
phage_lambda	CHG	OT	2	40	106	60	116	62
phage_lambda	CHG	OT	2	41	91	65	99	70
phage_lambda	CHG	OT	2	42	95	64	102	67
phage_lambda	CHG	OT	2	43	99	67	100	70
phage_lambda	CHG	OT	2	44	98	78	104	80
phage_lambda	CHG	OT	2	45	74	65	79	65
phage_lambda	CHG	OT	2	46	89	48	101	49
phage_lambda	CHG	OT	2	47	70	60	75	63
phage_lambda	CHG	OT	2	48	84	54	88	58
phage_lambda	CHG	OT	2	49	76	41	80	42
phage_lambda	CHG	OT	2	5	77	57	80	58
phage_lambda	CHG	OT	2	50	74	44	83	46
phage_lambda	CHG	OT	2	51	56	52	61	53
phage_lambda	CHG	OT	2	52	54	32	56	32
phage_lambda	CHG	OT	2	53	59	32	68	33
phage_lambda	CHG	OT	2	54	39	32	39	35
phage_lambda	CHG	OT	2	55	48	43	51	46
phage_lambda	CHG	OT	2	56	55	45	57	48
phage_lambda	CHG	OT	2	57	39	31	40	31
phage_lambda	CHG	OT	2	58	56	34	60	35
phage_lambda	CHG	OT	2	59	34	34	34	35
phage_lambda	CHG	OT	2	6	68	51	70	52
phage_lambda	CHG	OT	2	60	24	29	26	30
phage_lambda	CHG	OT	2	61	39	24	41	26
phage_lambda	CHG	OT	2	62	24	18	24	19
phage_lambda	CHG	OT	2	63	23	23	23	23
phage_lambda	CHG	OT	2	64	23	12	25	12
phage_lambda	CHG	OT	2	65	22	26	25	26
phage_lambda	CHG	OT	2	66	16	19	18	19
phage_lambda	CHG	OT	2	67	18	17	20	20
phage_lambda	CHG	OT	2	68	30	15	31	16
phage_lambda	CHG	OT	2	69	19	15	20	15
phage_lambda	CHG	OT	2	7	74	59	76	63
phage_lambda	CHG	OT	2	70	23	14	23	15
phage_lambda	CHG	OT	2	71	11	12	11	12
phage_lambda	CHG	OT	2	72	14	15	15	16
phage_lambda	CHG	OT	2	73	20	15	21	15
phage_lambda	CHG	OT	2	74	25	9	25	10
phage_lambda	CHG	OT	2	75	18	8	19	9
phage_lambda	CHG	OT	2	76	12	7	12	7
phage_lambda	CHG	OT	2	8	89	70	93	74
phage_lambda	CHG	OT	2	9	83	73	86	77
phage_lambda	CpG	OB	1	1	288	308	638	712
phage_lambda	CpG	OB	1	10	253	354	480	657
phage_lambda	CpG	OB	1	11	225	351	457	677
phage_lambda	CpG	OB	1	12	235	360	465	649
phage_lambda	CpG	OB	1	13	246	368	489	764
phage_lambda	CpG	OB	1	14	242	353	471	666
phage_lambda	CpG	OB	1	15	216	404	423	802
phage_lambda	CpG	OB	1	16	226	403	457	705
phage_lambda	CpG	OB	1	17	230	396	455	774
phage_lambda	CpG	OB	1	18	234	413	460	756
phage_lambda	CpG	OB	1	19	260	395	478	736
phage_lambda	CpG	OB	1	2	198	300	411	571
phage_lambda	CpG	OB	1	20	249	412	458	711
phage_lambda	CpG	OB	1	21	220	422	406	789
phage_lambda	CpG	OB	1	22	222	385	423	688
phage_lambda	CpG	OB	1	23	239	417	449	748
phage_lambda	CpG	OB	1	24	255	376	457	635
phage_lambda	CpG	OB	1	25	222	406	399	721
phage_lambda	CpG	OB	1	26	274	411	471	662
phage_lambda	CpG	OB	1	27	250	413	417	727
phage_lambda	CpG	OB	1	28	232	409	403	640
phage_lambda	CpG	OB	1	29	228	433	398	709
phage_lambda	CpG	OB	1	3	185	307	392	628
phage_lambda	CpG	OB	1	30	249	407	462	689
phage_lambda	CpG	OB	1	31	241	384	418	627
phage_lambda	CpG	OB	1	32	251	407	437	678
phage_lambda	CpG	OB	1	33	222	381	412	650
phage_lambda	CpG	OB	1	34	257	348	461	570
phage_lambda	CpG	OB	1	35	246	398	436	668
phage_lambda	CpG	OB	1	36	222	366	429	613
phage_lambda	CpG	OB	1	37	198	303	356	555
phage_lambda	CpG	OB	1	38	232	339	433	587
phage_lambda	CpG	OB	1	39	232	355	412	622
phage_lambda	CpG	OB	1	4	228	264	473	556
phage_lambda	CpG	OB	1	40	219	380	441	628
phage_lambda	CpG	OB	1	41	199	324	372	603
phage_lambda	CpG	OB	1	42	204	307	421	553
phage_lambda	CpG	OB	1	43	203	322	384	581
phage_lambda	CpG	OB	1	44	190	262	426	521
phage_lambda	CpG	OB	1	45	169	285	355	575
phage_lambda	CpG	OB	1	46	189	272	438	534
phage_lambda	CpG	OB	1	47	186	257	390	543
phage_lambda	CpG	OB	1	48	178	269	393	527
phage_lambda	CpG	OB	1	49	179	256	392	558
phage_lambda	CpG	OB	1	5	195	326	415	681
phage_lambda	CpG	OB	1	50	159	249	374	525
phage_lambda	CpG	OB	1	51	172	271	356	533
phage_lambda	CpG	OB	1	52	164	210	388	473
phage_lambda	CpG	OB	1	53	156	239	309	475
phage_lambda	CpG	OB	1	54	156	222	325	410
phage_lambda	CpG	OB	1	55	131	199	274	410
phage_lambda	CpG	OB	1	56	151	172	300	317
phage_lambda	CpG	OB	1	57	146	202	259	369
phage_lambda	CpG	OB	1	58	115	173	247	300
phage_lambda	CpG	OB	1	59	118	153	197	262
phage_lambda	CpG	OB	1	6	219	317	429	617
phage_lambda	CpG	OB	1	60	104	176	186	289
phage_lambda	CpG	OB	1	61	109	153	177	259
phage_lambda	CpG	OB	1	62	98	140	164	215
phage_lambda	CpG	OB	1	63	113	146	174	237
phage_lambda	CpG	OB	1	64	100	166	159	233
phage_lambda	CpG	OB	1	65	103	137	158	201
phage_lambda	CpG	OB	1	66	97	126	143	189
phage_lambda	CpG	OB	1	67	83	125	126	180
phage_lambda	CpG	OB	1	68	107	126	149	187
phage_lambda	CpG	OB	1	69	90	96	131	160
phage_lambda	CpG	OB	1	7	225	328	443	729
phage_lambda	CpG	OB	1	70	64	112	96	173
phage_lambda	CpG	OB	1	71	89	120	132	187
phage_lambda	CpG	OB	1	72	91	103	157	185
phage_lambda	CpG	OB	1	73	68	89	112	146
phage_lambda	CpG	OB	1	74	75	85	120	130
phage_lambda	CpG	OB	1	75	55	100	83	169
phage_lambda	CpG	OB	1	76	69	42	117	70
phage_lambda	CpG	OB	1	8	217	285	450	614
phage_lambda	CpG	OB	1	9	233	335	483	723
phage_lambda	CpG	OB	2	1	193	286	436	644
phage_lambda	CpG	OB	2	10	220	279	435	582
phage_lambda	CpG	OB	2	11	181	297	387	609
phage_lambda	CpG	OB	2	12	188	276	398	590
phage_lambda	CpG	OB	2	13	210	317	434	660
phage_lambda	CpG	OB	2	14	221	304	455	609
phage_lambda	CpG	OB	2	15	190	341	407	694
phage_lambda	CpG	OB	2	16	219	345	438	684
phage_lambda	CpG	OB	2	17	179	338	369	715
phage_lambda	CpG	OB	2	18	194	363	387	688
phage_lambda	CpG	OB	2	19	194	362	389	675
phage_lambda	CpG	OB	2	2	206	226	456	460
phage_lambda	CpG	OB	2	20	209	324	384	602
phage_lambda	CpG	OB	2	21	184	356	356	669
phage_lambda	CpG	OB	2	22	214	319	384	594
phage_lambda	CpG	OB	2	23	179	332	349	634
phage_lambda	CpG	OB	2	24	210	338	412	592
phage_lambda	CpG	OB	2	25	192	381	340	657
phage_lambda	CpG	OB	2	26	188	344	340	590
phage_lambda	CpG	OB	2	27	206	350	361	596
phage_lambda	CpG	OB	2	28	210	367	346	577
phage_lambda	CpG	OB	2	29	193	376	348	594
phage_lambda	CpG	OB	2	3	145	245	314	519
phage_lambda	CpG	OB	2	30	217	336	390	570
phage_lambda	CpG	OB	2	31	220	369	378	587
phage_lambda	CpG	OB	2	32	217	374	396	613
phage_lambda	CpG	OB	2	33	216	335	375	581
phage_lambda	CpG	OB	2	34	232	370	401	603
phage_lambda	CpG	OB	2	35	231	377	414	622
phage_lambda	CpG	OB	2	36	235	337	440	582
phage_lambda	CpG	OB	2	37	203	321	370	578
phage_lambda	CpG	OB	2	38	245	382	453	664
phage_lambda	CpG	OB	2	39	227	352	435	635
phage_lambda	CpG	OB	2	4	172	239	367	481
phage_lambda	CpG	OB	2	40	224	383	442	659
phage_lambda	CpG	OB	2	41	207	365	424	628
phage_lambda	CpG	OB	2	42	229	334	463	642
phage_lambda	CpG	OB	2	43	227	378	455	667
phage_lambda	CpG	OB	2	44	243	311	481	612
phage_lambda	CpG	OB	2	45	209	317	455	653
phage_lambda	CpG	OB	2	46	226	330	512	647
phage_lambda	CpG	OB	2	47	223	310	491	640
phage_lambda	CpG	OB	2	48	203	290	472	634
phage_lambda	CpG	OB	2	49	180	322	437	634
phage_lambda	CpG	OB	2	5	173	274	383	550
phage_lambda	CpG	OB	2	50	195	291	481	589
phage_lambda	CpG	OB	2	51	197	307	428	596
phage_lambda	CpG	OB	2	52	184	263	402	524
phage_lambda	CpG	OB	2	53	147	235	355	486
phage_lambda	CpG	OB	2	54	174	259	357	491
phage_lambda	CpG	OB	2	55	178	234	344	438
phage_lambda	CpG	OB	2	56	137	218	261	374
phage_lambda	CpG	OB	2	57	149	242	281	391
phage_lambda	CpG	OB	2	58	168	221	298	349
phage_lambda	CpG	OB	2	59	141	211	220	320
phage_lambda	CpG	OB	2	6	179	269	336	503
phage_lambda	CpG	OB	2	60	148	203	253	334
phage_lambda	CpG	OB	2	61	138	190	230	325
phage_lambda	CpG	OB	2	62	134	196	212	276
phage_lambda	CpG	OB	2	63	147	160	225	265
phage_lambda	CpG	OB	2	64	116	185	199	268
phage_lambda	CpG	OB	2	65	110	176	191	259
phage_lambda	CpG	OB	2	66	123	166	178	246
phage_lambda	CpG	OB	2	67	125	157	177	242
phage_lambda	CpG	OB	2	68	139	145	222	232
phage_lambda	CpG	OB	2	69	96	155	159	229
phage_lambda	CpG	OB	2	7	179	264	376	572
phage_lambda	CpG	OB	2	70	129	167	204	248
phage_lambda	CpG	OB	2	71	114	177	176	287
phage_lambda	CpG	OB	2	72	109	132	168	195
phage_lambda	CpG	OB	2	73	100	118	148	179
phage_lambda	CpG	OB	2	74	117	97	172	147
phage_lambda	CpG	OB	2	75	82	64	116	91
phage_lambda	CpG	OB	2	76	62	0	86	0
phage_lambda	CpG	OB	2	8	171	249	377	551
phage_lambda	CpG	OB	2	9	191	262	417	657
phage_lambda	CpG	OT	1	1	64	39	67	41
phage_lambda	CpG	OT	1	10	41	81	42	83
phage_lambda	CpG	OT	1	11	51	63	54	64
phage_lambda	CpG	OT	1	12	54	79	57	83
phage_lambda	CpG	OT	1	13	45	80	46	82
phage_lambda	CpG	OT	1	14	40	84	41	90
phage_lambda	CpG	OT	1	15	49	67	52	72
phage_lambda	CpG	OT	1	16	48	65	51	70
phage_lambda	CpG	OT	1	17	41	76	42	84
phage_lambda	CpG	OT	1	18	45	92	48	94
phage_lambda	CpG	OT	1	19	42	67	44	69
phage_lambda	CpG	OT	1	2	32	91	32	92
phage_lambda	CpG	OT	1	20	57	94	59	96
phage_lambda	CpG	OT	1	21	46	91	48	94
phage_lambda	CpG	OT	1	22	42	62	45	65
phage_lambda	CpG	OT	1	23	45	90	45	92
phage_lambda	CpG	OT	1	24	51	94	53	94
phage_lambda	CpG	OT	1	25	46	75	50	78
phage_lambda	CpG	OT	1	26	62	92	63	96
phage_lambda	CpG	OT	1	27	52	89	54	93
phage_lambda	CpG	OT	1	28	66	103	69	107
phage_lambda	CpG	OT	1	29	57	97	57	98
phage_lambda	CpG	OT	1	3	37	52	37	57
phage_lambda	CpG	OT	1	30	67	82	71	84
phage_lambda	CpG	OT	1	31	56	104	57	109
phage_lambda	CpG	OT	1	32	57	92	57	94
phage_lambda	CpG	OT	1	33	65	88	68	93
phage_lambda	CpG	OT	1	34	52	73	57	77
phage_lambda	CpG	OT	1	35	50	85	50	87
phage_lambda	CpG	OT	1	36	45	87	45	91
phage_lambda	CpG	OT	1	37	56	59	59	61
phage_lambda	CpG	OT	1	38	54	78	54	87
phage_lambda	CpG	OT	1	39	65	90	73	94
phage_lambda	CpG	OT	1	4	52	54	52	55
phage_lambda	CpG	OT	1	40	50	96	51	98
phage_lambda	CpG	OT	1	41	51	76	58	80
phage_lambda	CpG	OT	1	42	61	79	65	82
phage_lambda	CpG	OT	1	43	53	81	58	84
phage_lambda	CpG	OT	1	44	57	75	60	77
phage_lambda	CpG	OT	1	45	66	83	69	86
phage_lambda	CpG	OT	1	46	54	83	57	84
phage_lambda	CpG	OT	1	47	52	74	54	75
phage_lambda	CpG	OT	1	48	61	88	68	88
phage_lambda	CpG	OT	1	49	57	78	62	79
phage_lambda	CpG	OT	1	5	46	71	48	73
phage_lambda	CpG	OT	1	50	38	63	39	65
phage_lambda	CpG	OT	1	51	67	65	75	66
phage_lambda	CpG	OT	1	52	40	64	44	67
phage_lambda	CpG	OT	1	53	41	52	43	54
phage_lambda	CpG	OT	1	54	37	54	39	58
phage_lambda	CpG	OT	1	55	47	38	49	41
phage_lambda	CpG	OT	1	56	38	48	38	51
phage_lambda	CpG	OT	1	57	32	47	34	48
phage_lambda	CpG	OT	1	58	47	46	49	47
phage_lambda	CpG	OT	1	59	30	44	31	44
phage_lambda	CpG	OT	1	6	50	58	50	58
phage_lambda	CpG	OT	1	60	25	36	25	37
phage_lambda	CpG	OT	1	61	25	40	27	44
phage_lambda	CpG	OT	1	62	42	32	43	34
phage_lambda	CpG	OT	1	63	21	33	23	34
phage_lambda	CpG	OT	1	64	31	39	32	39
phage_lambda	CpG	OT	1	65	27	26	29	29
phage_lambda	CpG	OT	1	66	23	31	23	33
phage_lambda	CpG	OT	1	67	31	39	31	40
phage_lambda	CpG	OT	1	68	20	28	20	30
phage_lambda	CpG	OT	1	69	28	31	29	34
phage_lambda	CpG	OT	1	7	44	66	45	67
phage_lambda	CpG	OT	1	70	26	35	26	35
phage_lambda	CpG	OT	1	71	19	47	19	52
phage_lambda	CpG	OT	1	72	30	22	33	23
phage_lambda	CpG	OT	1	73	31	26	31	30
phage_lambda	CpG	OT	1	74	28	33	32	33
phage_lambda	CpG	OT	1	75	45	19	48	19
phage_lambda	CpG	OT	1	76	27	16	28	17
phage_lambda	CpG	OT	1	8	41	70	43	71
phage_lambda	CpG	OT	1	9	57	53	59	55
phage_lambda	CpG	OT	2	1	62	45	64	47
phage_lambda	CpG	OT	2	10	47	87	47	90
phage_lambda	CpG	OT	2	11	66	77	71	81
phage_lambda	CpG	OT	2	12	69	87	74	92
phage_lambda	CpG	OT	2	13	52	87	54	90
phage_lambda	CpG	OT	2	14	53	94	56	99
phage_lambda	CpG	OT	2	15	56	91	59	96
phage_lambda	CpG	OT	2	16	64	79	73	84
phage_lambda	CpG	OT	2	17	58	90	61	97
phage_lambda	CpG	OT	2	18	58	107	60	110
phage_lambda	CpG	OT	2	19	62	75	67	78
phage_lambda	CpG	OT	2	2	45	94	45	94
phage_lambda	CpG	OT	2	20	69	116	71	121
phage_lambda	CpG	OT	2	21	49	104	54	108
phage_lambda	CpG	OT	2	22	59	80	60	84
phage_lambda	CpG	OT	2	23	52	99	52	101
phage_lambda	CpG	OT	2	24	45	111	46	112
phage_lambda	CpG	OT	2	25	61	100	66	101
phage_lambda	CpG	OT	2	26	74	99	80	102
phage_lambda	CpG	OT	2	27	50	100	50	105
phage_lambda	CpG	OT	2	28	64	117	72	121
phage_lambda	CpG	OT	2	29	61	106	65	107
phage_lambda	CpG	OT	2	3	47	52	49	55
phage_lambda	CpG	OT	2	30	69	106	70	110
phage_lambda	CpG	OT	2	31	53	106	56	110
phage_lambda	CpG	OT	2	32	52	105	53	109
phage_lambda	CpG	OT	2	33	61	115	62	120
phage_lambda	CpG	OT	2	34	59	81	64	87
phage_lambda	CpG	OT	2	35	60	78	62	80
phage_lambda	CpG	OT	2	36	57	89	58	93
phage_lambda	CpG	OT	2	37	63	74	66	76
phage_lambda	CpG	OT	2	38	49	67	50	71
phage_lambda	CpG	OT	2	39	41	99	46	104
phage_lambda	CpG	OT	2	4	63	70	63	72
phage_lambda	CpG	OT	2	40	48	97	49	99
phage_lambda	CpG	OT	2	41	41	76	47	78
phage_lambda	CpG	OT	2	42	64	73	70	78
phage_lambda	CpG	OT	2	43	42	66	46	68
phage_lambda	CpG	OT	2	44	44	71	45	73
phage_lambda	CpG	OT	2	45	51	78	51	81
phage_lambda	CpG	OT	2	46	44	80	49	81
phage_lambda	CpG	OT	2	47	46	55	46	55
phage_lambda	CpG	OT	2	48	44	73	46	74
phage_lambda	CpG	OT	2	49	45	51	46	51
phage_lambda	CpG	OT	2	5	63	76	64	77
phage_lambda	CpG	OT	2	50	38	50	39	50
phage_lambda	CpG	OT	2	51	42	49	42	49
phage_lambda	CpG	OT	2	52	28	36	28	36
phage_lambda	CpG	OT	2	53	30	27	31	30
phage_lambda	CpG	OT	2	54	25	40	27	44
phage_lambda	CpG	OT	2	55	45	23	47	23
phage_lambda	CpG	OT	2	56	26	36	27	37
phage_lambda	CpG	OT	2	57	24	32	26	33
phage_lambda	CpG	OT	2	58	30	27	33	28
phage_lambda	CpG	OT	2	59	29	29	29	29
phage_lambda	CpG	OT	2	6	69	65	69	65
phage_lambda	CpG	OT	2	60	19	24	19	26
phage_lambda	CpG	OT	2	61	16	36	18	38
phage_lambda	CpG	OT	2	62	27	26	28	28
phage_lambda	CpG	OT	2	63	12	26	13	28
phage_lambda	CpG	OT	2	64	30	27	30	27
phage_lambda	CpG	OT	2	65	18	18	20	22
phage_lambda	CpG	OT	2	66	19	24	19	25
phage_lambda	CpG	OT	2	67	15	21	16	22
phage_lambda	CpG	OT	2	68	21	24	22	24
phage_lambda	CpG	OT	2	69	16	19	17	20
phage_lambda	CpG	OT	2	7	61	90	64	91
phage_lambda	CpG	OT	2	70	26	13	26	13
phage_lambda	CpG	OT	2	71	17	15	18	18
phage_lambda	CpG	OT	2	72	19	12	21	12
phage_lambda	CpG	OT	2	73	19	9	20	11
phage_lambda	CpG	OT	2	74	10	8	10	9
phage_lambda	CpG	OT	2	75	17	15	19	15
phage_lambda	CpG	OT	2	76	3	8	3	8
phage_lambda	CpG	OT	2	8	33	72	35	74
phage_lambda	CpG	OT	2	9	57	83	59	85
plasmid_puc19c	CHH	OB	1	1	37	48	42	54
plasmid_puc19c	CHH	OB	1	10	41	64	52	72
plasmid_puc19c	CHH	OB	1	11	65	78	73	88
plasmid_puc19c	CHH	OB	1	12	44	84	50	95
plasmid_puc19c	CHH	OB	1	13	57	79	66	91
plasmid_puc19c	CHH	OB	1	14	48	68	53	80
plasmid_puc19c	CHH	OB	1	15	58	76	63	86
plasmid_puc19c	CHH	OB	1	16	61	104	68	117
plasmid_puc19c	CHH	OB	1	17	52	94	64	106
plasmid_puc19c	CHH	OB	1	18	67	92	73	98
plasmid_puc19c	CHH	OB	1	19	74	90	83	97
plasmid_puc19c	CHH	OB	1	2	38	48	42	56
plasmid_puc19c	CHH	OB	1	20	62	91	68	104
plasmid_puc19c	CHH	OB	1	21	81	102	87	114
plasmid_puc19c	CHH	OB	1	22	66	79	72	91
plasmid_puc19c	CHH	OB	1	23	64	96	71	104
plasmid_puc19c	CHH	OB	1	24	84	88	90	98
plasmid_puc19c	CHH	OB	1	25	75	103	80	109
plasmid_puc19c	CHH	OB	1	26	63	103	75	112
plasmid_puc19c	CHH	OB	1	27	73	86	86	94
plasmid_puc19c	CHH	OB	1	28	82	100	88	112
plasmid_puc19c	CHH	OB	1	29	84	92	88	108
plasmid_puc19c	CHH	OB	1	3	37	53	42	63
plasmid_puc19c	CHH	OB	1	30	72	100	87	115
plasmid_puc19c	CHH	OB	1	31	55	113	62	131
plasmid_puc19c	CHH	OB	1	32	55	110	64	127
plasmid_puc19c	CHH	OB	1	33	76	106	89	118
plasmid_puc19c	CHH	OB	1	34	82	99	94	121
plasmid_puc19c	CHH	OB	1	35	73	105	81	116
plasmid_puc19c	CHH	OB	1	36	65	100	70	108
plasmid_puc19c	CHH	OB	1	37	75	81	80	89
plasmid_puc19c	CHH	OB	1	38	66	85	77	94
plasmid_puc19c	CHH	OB	1	39	74	89	78	103
plasmid_puc19c	CHH	OB	1	4	45	53	50	54
plasmid_puc19c	CHH	OB	1	40	69	90	75	106
plasmid_puc19c	CHH	OB	1	41	70	104	81	121
plasmid_puc19c	CHH	OB	1	42	58	100	66	115
plasmid_puc19c	CHH	OB	1	43	57	80	65	91
plasmid_puc19c	CHH	OB	1	44	59	76	67	80
plasmid_puc19c	CHH	OB	1	45	59	75	67	85
plasmid_puc19c	CHH	OB	1	46	63	68	68	77
plasmid_puc19c	CHH	OB	1	47	54	69	61	77
plasmid_puc19c	CHH	OB	1	48	50	87	55	92
plasmid_puc19c	CHH	OB	1	49	45	69	52	82
plasmid_puc19c	CHH	OB	1	5	63	49	70	56
plasmid_puc19c	CHH	OB	1	50	44	48	52	56
plasmid_puc19c	CHH	OB	1	51	42	44	44	51
plasmid_puc19c	CHH	OB	1	52	45	45	52	49
plasmid_puc19c	CHH	OB	1	53	49	47	60	57
plasmid_puc19c	CHH	OB	1	54	55	51	66	65
plasmid_puc19c	CHH	OB	1	55	42	47	51	54
plasmid_puc19c	CHH	OB	1	56	39	48	41	63
plasmid_puc19c	CHH	OB	1	57	33	39	39	47
plasmid_puc19c	CHH	OB	1	58	22	40	25	43
plasmid_puc19c	CHH	OB	1	59	32	37	37	37
plasmid_puc19c	CHH	OB	1	6	36	66	39	70
plasmid_puc19c	CHH	OB	1	60	37	37	44	41
plasmid_puc19c	CHH	OB	1	61	29	34	33	45
plasmid_puc19c	CHH	OB	1	62	35	26	43	32
plasmid_puc19c	CHH	OB	1	63	28	38	35	43
plasmid_puc19c	CHH	OB	1	64	29	24	35	29
plasmid_puc19c	CHH	OB	1	65	22	28	25	30
plasmid_puc19c	CHH	OB	1	66	25	27	25	30
plasmid_puc19c	CHH	OB	1	67	30	21	30	24
plasmid_puc19c	CHH	OB	1	68	21	24	25	25
plasmid_puc19c	CHH	OB	1	69	22	18	26	22
plasmid_puc19c	CHH	OB	1	7	45	59	50	66
plasmid_puc19c	CHH	OB	1	70	15	19	15	22
plasmid_puc19c	CHH	OB	1	71	17	31	19	34
plasmid_puc19c	CHH	OB	1	72	15	20	19	23
plasmid_puc19c	CHH	OB	1	73	14	14	16	17
plasmid_puc19c	CHH	OB	1	74	11	19	14	21
plasmid_puc19c	CHH	OB	1	75	17	20	18	23
plasmid_puc19c	CHH	OB	1	76	16	6	17	8
plasmid_puc19c	CHH	OB	1	8	39	78	42	85
plasmid_puc19c	CHH	OB	1	9	75	59	85	72
plasmid_puc19c	CHH	OB	2	1	26	34	26	41
plasmid_puc19c	CHH	OB	2	10	27	48	28	55
plasmid_puc19c	CHH	OB	2	11	40	64	48	73
plasmid_puc19c	CHH	OB	2	12	31	54	35	59
plasmid_puc19c	CHH	OB	2	13	43	68	49	76
plasmid_puc19c	CHH	OB	2	14	44	51	54	58
plasmid_puc19c	CHH	OB	2	15	44	74	52	83
plasmid_puc19c	CHH	OB	2	16	45	74	53	80
plasmid_puc19c	CHH	OB	2	17	43	72	49	80
plasmid_puc19c	CHH	OB	2	18	44	74	48	80
plasmid_puc19c	CHH	OB	2	19	48	70	54	77
plasmid_puc19c	CHH	OB	2	2	34	35	38	40
plasmid_puc19c	CHH	OB	2	20	60	71	66	79
plasmid_puc19c	CHH	OB	2	21	61	90	67	99
plasmid_puc19c	CHH	OB	2	22	60	76	65	85
plasmid_puc19c	CHH	OB	2	23	65	77	68	82
plasmid_puc19c	CHH	OB	2	24	67	84	72	90
plasmid_puc19c	CHH	OB	2	25	55	87	59	96
plasmid_puc19c	CHH	OB	2	26	60	82	66	89
plasmid_puc19c	CHH	OB	2	27	57	71	64	79
plasmid_puc19c	CHH	OB	2	28	71	88	77	96
plasmid_puc19c	CHH	OB	2	29	77	80	84	98
plasmid_puc19c	CHH	OB	2	3	27	48	29	54
plasmid_puc19c	CHH	OB	2	30	82	84	93	97
plasmid_puc19c	CHH	OB	2	31	66	89	74	95
plasmid_puc19c	CHH	OB	2	32	65	90	71	106
plasmid_puc19c	CHH	OB	2	33	68	81	80	92
plasmid_puc19c	CHH	OB	2	34	76	90	85	100
plasmid_puc19c	CHH	OB	2	35	69	95	75	102
plasmid_puc19c	CHH	OB	2	36	77	93	83	104
plasmid_puc19c	CHH	OB	2	37	67	90	74	105
plasmid_puc19c	CHH	OB	2	38	77	72	86	81
plasmid_puc19c	CHH	OB	2	39	74	97	83	119
plasmid_puc19c	CHH	OB	2	4	33	36	35	36
plasmid_puc19c	CHH	OB	2	40	64	111	77	129
plasmid_puc19c	CHH	OB	2	41	85	106	97	123
plasmid_puc19c	CHH	OB	2	42	80	110	88	127
plasmid_puc19c	CHH	OB	2	43	76	88	88	104
plasmid_puc19c	CHH	OB	2	44	80	87	87	98
plasmid_puc19c	CHH	OB	2	45	66	90	75	103
plasmid_puc19c	CHH	OB	2	46	81	68	83	72
plasmid_puc19c	CHH	OB	2	47	55	93	58	104
plasmid_puc19c	CHH	OB	2	48	81	86	95	91
plasmid_puc19c	CHH	OB	2	49	57	83	64	96
plasmid_puc19c	CHH	OB	2	5	42	42	46	46
plasmid_puc19c	CHH	OB	2	50	55	69	61	80
plasmid_puc19c	CHH	OB	2	51	48	69	50	83
plasmid_puc19c	CHH	OB	2	52	58	75	70	80
plasmid_puc19c	CHH	OB	2	53	68	71	74	83
plasmid_puc19c	CHH	OB	2	54	63	68	73	75
plasmid_puc19c	CHH	OB	2	55	52	68	58	79
plasmid_puc19c	CHH	OB	2	56	55	55	61	69
plasmid_puc19c	CHH	OB	2	57	42	76	48	88
plasmid_puc19c	CHH	OB	2	58	45	60	52	67
plasmid_puc19c	CHH	OB	2	59	51	61	60	69
plasmid_puc19c	CHH	OB	2	6	30	46	36	50
plasmid_puc19c	CHH	OB	2	60	44	72	51	81
plasmid_puc19c	CHH	OB	2	61	39	60	47	69
plasmid_puc19c	CHH	OB	2	62	42	55	45	64
plasmid_puc19c	CHH	OB	2	63	45	61	51	68
plasmid_puc19c	CHH	OB	2	64	42	42	44	50
plasmid_puc19c	CHH	OB	2	65	35	44	39	52
plasmid_puc19c	CHH	OB	2	66	31	39	35	44
plasmid_puc19c	CHH	OB	2	67	38	41	42	48
plasmid_puc19c	CHH	OB	2	68	23	49	30	54
plasmid_puc19c	CHH	OB	2	69	35	33	38	39
plasmid_puc19c	CHH	OB	2	7	31	42	35	49
plasmid_puc19c	CHH	OB	2	70	28	37	31	41
plasmid_puc19c	CHH	OB	2	71	25	30	32	33
plasmid_puc19c	CHH	OB	2	72	23	31	27	35
plasmid_puc19c	CHH	OB	2	73	27	16	36	23
plasmid_puc19c	CHH	OB	2	74	30	19	35	23
plasmid_puc19c	CHH	OB	2	75	25	12	27	13
plasmid_puc19c	CHH	OB	2	76	16	0	20	0
plasmid_puc19c	CHH	OB	2	8	29	52	30	56
plasmid_puc19c	CHH	OB	2	9	47	37	49	43
plasmid_puc19c	CHH	OT	1	1	59	32	69	35
plasmid_puc19c	CHH	OT	1	10	73	89	81	99
plasmid_puc19c	CHH	OT	1	11	83	76	91	82
plasmid_puc19c	CHH	OT	1	12	51	99	57	118
plasmid_puc19c	CHH	OT	1	13	42	91	46	103
plasmid_puc19c	CHH	OT	1	14	58	123	66	144
plasmid_puc19c	CHH	OT	1	15	43	92	51	107
plasmid_puc19c	CHH	OT	1	16	58	130	65	162
plasmid_puc19c	CHH	OT	1	17	67	93	75	108
plasmid_puc19c	CHH	OT	1	18	63	123	72	146
plasmid_puc19c	CHH	OT	1	19	66	98	73	111
plasmid_puc19c	CHH	OT	1	2	33	77	34	96
plasmid_puc19c	CHH	OT	1	20	57	133	63	151
plasmid_puc19c	CHH	OT	1	21	87	92	93	106
plasmid_puc19c	CHH	OT	1	22	76	119	83	138
plasmid_puc19c	CHH	OT	1	23	70	97	78	110
plasmid_puc19c	CHH	OT	1	24	57	151	63	172
plasmid_puc19c	CHH	OT	1	25	71	96	80	108
plasmid_puc19c	CHH	OT	1	26	71	112	79	128
plasmid_puc19c	CHH	OT	1	27	67	106	77	126
plasmid_puc19c	CHH	OT	1	28	71	141	77	164
plasmid_puc19c	CHH	OT	1	29	83	98	94	109
plasmid_puc19c	CHH	OT	1	3	59	61	73	67
plasmid_puc19c	CHH	OT	1	30	73	137	84	155
plasmid_puc19c	CHH	OT	1	31	73	102	83	111
plasmid_puc19c	CHH	OT	1	32	82	133	93	149
plasmid_puc19c	CHH	OT	1	33	86	87	93	101
plasmid_puc19c	CHH	OT	1	34	90	117	101	136
plasmid_puc19c	CHH	OT	1	35	98	103	109	111
plasmid_puc19c	CHH	OT	1	36	73	138	78	152
plasmid_puc19c	CHH	OT	1	37	85	96	94	108
plasmid_puc19c	CHH	OT	1	38	75	110	84	118
plasmid_puc19c	CHH	OT	1	39	87	106	96	114
plasmid_puc19c	CHH	OT	1	4	58	66	70	84
plasmid_puc19c	CHH	OT	1	40	81	125	85	138
plasmid_puc19c	CHH	OT	1	41	81	87	93	95
plasmid_puc19c	CHH	OT	1	42	87	104	91	109
plasmid_puc19c	CHH	OT	1	43	80	89	88	95
plasmid_puc19c	CHH	OT	1	44	68	100	74	109
plasmid_puc19c	CHH	OT	1	45	74	73	85	73
plasmid_puc19c	CHH	OT	1	46	55	83	57	90
plasmid_puc19c	CHH	OT	1	47	67	71	75	73
plasmid_puc19c	CHH	OT	1	48	64	85	68	95
plasmid_puc19c	CHH	OT	1	49	74	60	85	68
plasmid_puc19c	CHH	OT	1	5	49	61	59	68
plasmid_puc19c	CHH	OT	1	50	53	84	56	90
plasmid_puc19c	CHH	OT	1	51	47	62	54	69
plasmid_puc19c	CHH	OT	1	52	51	73	55	82
plasmid_puc19c	CHH	OT	1	53	48	70	51	76
plasmid_puc19c	CHH	OT	1	54	53	62	60	66
plasmid_puc19c	CHH	OT	1	55	59	48	65	53
plasmid_puc19c	CHH	OT	1	56	50	67	54	76
plasmid_puc19c	CHH	OT	1	57	55	54	65	62
plasmid_puc19c	CHH	OT	1	58	47	59	53	67
plasmid_puc19c	CHH	OT	1	59	52	44	60	49
plasmid_puc19c	CHH	OT	1	6	57	79	65	101
plasmid_puc19c	CHH	OT	1	60	45	65	50	73
plasmid_puc19c	CHH	OT	1	61	57	57	67	62
plasmid_puc19c	CHH	OT	1	62	43	51	49	57
plasmid_puc19c	CHH	OT	1	63	43	37	50	41
plasmid_puc19c	CHH	OT	1	64	39	52	46	58
plasmid_puc19c	CHH	OT	1	65	53	33	64	38
plasmid_puc19c	CHH	OT	1	66	42	41	47	47
plasmid_puc19c	CHH	OT	1	67	48	22	55	27
plasmid_puc19c	CHH	OT	1	68	42	32	47	37
plasmid_puc19c	CHH	OT	1	69	46	49	53	50
plasmid_puc19c	CHH	OT	1	7	54	78	63	92
plasmid_puc19c	CHH	OT	1	70	41	36	45	40
plasmid_puc19c	CHH	OT	1	71	42	31	45	34
plasmid_puc19c	CHH	OT	1	72	29	31	31	34
plasmid_puc19c	CHH	OT	1	73	29	20	33	24
plasmid_puc19c	CHH	OT	1	74	22	28	26	32
plasmid_puc19c	CHH	OT	1	75	30	16	33	17
plasmid_puc19c	CHH	OT	1	76	21	16	21	17
plasmid_puc19c	CHH	OT	1	8	50	93	56	110
plasmid_puc19c	CHH	OT	1	9	62	80	63	90
plasmid_puc19c	CHH	OT	2	1	56	21	65	24
plasmid_puc19c	CHH	OT	2	10	59	118	61	134
plasmid_puc19c	CHH	OT	2	11	59	64	62	72
plasmid_puc19c	CHH	OT	2	12	58	119	65	137
plasmid_puc19c	CHH	OT	2	13	53	78	57	92
plasmid_puc19c	CHH	OT	2	14	66	157	73	182
plasmid_puc19c	CHH	OT	2	15	57	77	67	90
plasmid_puc19c	CHH	OT	2	16	67	147	72	177
plasmid_puc19c	CHH	OT	2	17	84	79	95	91
plasmid_puc19c	CHH	OT	2	18	71	169	83	191
plasmid_puc19c	CHH	OT	2	19	76	95	86	106
plasmid_puc19c	CHH	OT	2	2	43	88	48	98
plasmid_puc19c	CHH	OT	2	20	68	148	74	168
plasmid_puc19c	CHH	OT	2	21	92	94	99	105
plasmid_puc19c	CHH	OT	2	22	79	135	84	156
plasmid_puc19c	CHH	OT	2	23	82	93	92	103
plasmid_puc19c	CHH	OT	2	24	57	159	65	182
plasmid_puc19c	CHH	OT	2	25	95	102	106	114
plasmid_puc19c	CHH	OT	2	26	88	149	95	172
plasmid_puc19c	CHH	OT	2	27	73	113	82	130
plasmid_puc19c	CHH	OT	2	28	77	162	84	182
plasmid_puc19c	CHH	OT	2	29	81	102	92	117
plasmid_puc19c	CHH	OT	2	3	62	54	75	61
plasmid_puc19c	CHH	OT	2	30	76	165	87	183
plasmid_puc19c	CHH	OT	2	31	85	106	98	114
plasmid_puc19c	CHH	OT	2	32	82	146	90	163
plasmid_puc19c	CHH	OT	2	33	89	76	96	86
plasmid_puc19c	CHH	OT	2	34	84	151	93	161
plasmid_puc19c	CHH	OT	2	35	114	99	124	108
plasmid_puc19c	CHH	OT	2	36	77	145	85	157
plasmid_puc19c	CHH	OT	2	37	92	85	102	94
plasmid_puc19c	CHH	OT	2	38	80	115	87	127
plasmid_puc19c	CHH	OT	2	39	105	90	117	95
plasmid_puc19c	CHH	OT	2	4	60	86	71	106
plasmid_puc19c	CHH	OT	2	40	80	114	85	130
plasmid_puc19c	CHH	OT	2	41	97	62	108	64
plasmid_puc19c	CHH	OT	2	42	70	114	74	120
plasmid_puc19c	CHH	OT	2	43	70	66	79	71
plasmid_puc19c	CHH	OT	2	44	64	92	69	100
plasmid_puc19c	CHH	OT	2	45	62	48	70	50
plasmid_puc19c	CHH	OT	2	46	53	88	53	96
plasmid_puc19c	CHH	OT	2	47	61	52	66	55
plasmid_puc19c	CHH	OT	2	48	50	76	59	84
plasmid_puc19c	CHH	OT	2	49	41	52	47	58
plasmid_puc19c	CHH	OT	2	5	60	62	68	73
plasmid_puc19c	CHH	OT	2	50	47	82	52	92
plasmid_puc19c	CHH	OT	2	51	47	41	54	46
plasmid_puc19c	CHH	OT	2	52	32	75	38	82
plasmid_puc19c	CHH	OT	2	53	63	42	68	48
plasmid_puc19c	CHH	OT	2	54	37	80	41	88
plasmid_puc19c	CHH	OT	2	55	50	39	53	46
plasmid_puc19c	CHH	OT	2	56	36	57	41	62
plasmid_puc19c	CHH	OT	2	57	51	38	59	45
plasmid_puc19c	CHH	OT	2	58	36	57	39	66
plasmid_puc19c	CHH	OT	2	59	60	29	72	37
plasmid_puc19c	CHH	OT	2	6	52	109	60	133
plasmid_puc19c	CHH	OT	2	60	32	52	35	60
plasmid_puc19c	CHH	OT	2	61	61	27	70	33
plasmid_puc19c	CHH	OT	2	62	22	72	24	77
plasmid_puc19c	CHH	OT	2	63	72	26	82	30
plasmid_puc19c	CHH	OT	2	64	19	39	26	42
plasmid_puc19c	CHH	OT	2	65	39	18	47	19
plasmid_puc19c	CHH	OT	2	66	24	45	25	51
plasmid_puc19c	CHH	OT	2	67	49	24	58	30
plasmid_puc19c	CHH	OT	2	68	19	38	21	47
plasmid_puc19c	CHH	OT	2	69	39	23	46	25
plasmid_puc19c	CHH	OT	2	7	66	63	69	72
plasmid_puc19c	CHH	OT	2	70	26	41	27	45
plasmid_puc19c	CHH	OT	2	71	40	20	45	22
plasmid_puc19c	CHH	OT	2	72	16	30	18	35
plasmid_puc19c	CHH	OT	2	73	26	22	26	25
plasmid_puc19c	CHH	OT	2	74	21	23	24	27
plasmid_puc19c	CHH	OT	2	75	22	8	29	9
plasmid_puc19c	CHH	OT	2	76	5	8	6	8
plasmid_puc19c	CHH	OT	2	8	42	107	47	131
plasmid_puc19c	CHH	OT	2	9	72	71	73	74
plasmid_puc19c	CHG	OB	1	1	36	21	41	24
plasmid_puc19c	CHG	OB	1	10	13	14	16	15
plasmid_puc19c	CHG	OB	1	11	22	9	23	10
plasmid_puc19c	CHG	OB	1	12	29	15	33	17
plasmid_puc19c	CHG	OB	1	13	24	11	26	12
plasmid_puc19c	CHG	OB	1	14	30	12	34	16
plasmid_puc19c	CHG	OB	1	15	31	14	33	16
plasmid_puc19c	CHG	OB	1	16	15	8	16	14
plasmid_puc19c	CHG	OB	1	17	21	15	22	16
plasmid_puc19c	CHG	OB	1	18	16	12	19	14
plasmid_puc19c	CHG	OB	1	19	14	17	14	18
plasmid_puc19c	CHG	OB	1	2	12	27	12	27
plasmid_puc19c	CHG	OB	1	20	28	15	29	15
plasmid_puc19c	CHG	OB	1	21	19	14	22	15
plasmid_puc19c	CHG	OB	1	22	33	12	38	15
plasmid_puc19c	CHG	OB	1	23	21	10	25	11
plasmid_puc19c	CHG	OB	1	24	31	12	35	12
plasmid_puc19c	CHG	OB	1	25	25	16	27	18
plasmid_puc19c	CHG	OB	1	26	21	7	25	8
plasmid_puc19c	CHG	OB	1	27	23	13	25	13
plasmid_puc19c	CHG	OB	1	28	21	8	23	10
plasmid_puc19c	CHG	OB	1	29	29	14	34	16
plasmid_puc19c	CHG	OB	1	3	20	18	22	22
plasmid_puc19c	CHG	OB	1	30	30	8	34	10
plasmid_puc19c	CHG	OB	1	31	10	13	11	15
plasmid_puc19c	CHG	OB	1	32	22	8	22	10
plasmid_puc19c	CHG	OB	1	33	17	12	18	15
plasmid_puc19c	CHG	OB	1	34	24	9	25	9
plasmid_puc19c	CHG	OB	1	35	20	13	20	13
plasmid_puc19c	CHG	OB	1	36	19	10	19	10
plasmid_puc19c	CHG	OB	1	37	15	12	17	14
plasmid_puc19c	CHG	OB	1	38	22	6	23	8
plasmid_puc19c	CHG	OB	1	39	14	11	17	12
plasmid_puc19c	CHG	OB	1	4	16	13	16	14
plasmid_puc19c	CHG	OB	1	40	19	15	21	16
plasmid_puc19c	CHG	OB	1	41	9	3	10	3
plasmid_puc19c	CHG	OB	1	42	15	12	16	12
plasmid_puc19c	CHG	OB	1	43	13	10	14	10
plasmid_puc19c	CHG	OB	1	44	15	6	15	9
plasmid_puc19c	CHG	OB	1	45	12	4	14	4
plasmid_puc19c	CHG	OB	1	46	10	6	10	6
plasmid_puc19c	CHG	OB	1	47	8	5	9	6
plasmid_puc19c	CHG	OB	1	48	16	7	17	7
plasmid_puc19c	CHG	OB	1	49	9	9	13	13
plasmid_puc19c	CHG	OB	1	5	19	19	22	21
plasmid_puc19c	CHG	OB	1	50	10	9	10	10
plasmid_puc19c	CHG	OB	1	51	12	7	12	9
plasmid_puc19c	CHG	OB	1	52	8	8	9	9
plasmid_puc19c	CHG	OB	1	53	10	7	10	8
plasmid_puc19c	CHG	OB	1	54	7	4	7	4
plasmid_puc19c	CHG	OB	1	55	7	5	9	5
plasmid_puc19c	CHG	OB	1	56	10	5	11	5
plasmid_puc19c	CHG	OB	1	57	7	3	8	3
plasmid_puc19c	CHG	OB	1	58	5	6	5	7
plasmid_puc19c	CHG	OB	1	59	6	3	7	5
plasmid_puc19c	CHG	OB	1	6	19	19	22	20
plasmid_puc19c	CHG	OB	1	60	2	4	2	5
plasmid_puc19c	CHG	OB	1	61	5	6	5	6
plasmid_puc19c	CHG	OB	1	62	7	4	7	4
plasmid_puc19c	CHG	OB	1	63	5	8	6	9
plasmid_puc19c	CHG	OB	1	64	5	9	6	10
plasmid_puc19c	CHG	OB	1	65	3	6	3	7
plasmid_puc19c	CHG	OB	1	66	6	4	6	6
plasmid_puc19c	CHG	OB	1	67	3	6	3	8
plasmid_puc19c	CHG	OB	1	68	2	6	2	7
plasmid_puc19c	CHG	OB	1	69	4	3	6	3
plasmid_puc19c	CHG	OB	1	7	40	17	45	22
plasmid_puc19c	CHG	OB	1	70	4	5	7	6
plasmid_puc19c	CHG	OB	1	71	3	1	5	2
plasmid_puc19c	CHG	OB	1	72	7	3	7	4
plasmid_puc19c	CHG	OB	1	73	4	5	5	6
plasmid_puc19c	CHG	OB	1	74	2	5	2	5
plasmid_puc19c	CHG	OB	1	75	2	4	2	4
plasmid_puc19c	CHG	OB	1	76	4	0	4	0
plasmid_puc19c	CHG	OB	1	8	24	20	27	25
plasmid_puc19c	CHG	OB	1	9	20	17	24	19
plasmid_puc19c	CHG	OB	2	1	21	20	25	23
plasmid_puc19c	CHG	OB	2	10	14	14	18	16
plasmid_puc19c	CHG	OB	2	11	22	8	23	8
plasmid_puc19c	CHG	OB	2	12	18	16	20	19
plasmid_puc19c	CHG	OB	2	13	19	16	21	18
plasmid_puc19c	CHG	OB	2	14	22	7	23	9
plasmid_puc19c	CHG	OB	2	15	14	23	14	25
plasmid_puc19c	CHG	OB	2	16	11	16	12	19
plasmid_puc19c	CHG	OB	2	17	17	11	18	12
plasmid_puc19c	CHG	OB	2	18	12	10	15	12
plasmid_puc19c	CHG	OB	2	19	18	17	18	18
plasmid_puc19c	CHG	OB	2	2	16	18	16	18
plasmid_puc19c	CHG	OB	2	20	20	13	25	14
plasmid_puc19c	CHG	OB	2	21	22	8	22	10
plasmid_puc19c	CHG	OB	2	22	18	14	19	14
plasmid_puc19c	CHG	OB	2	23	18	13	19	13
plasmid_puc19c	CHG	OB	2	24	25	12	29	13
plasmid_puc19c	CHG	OB	2	25	21	15	24	18
plasmid_puc19c	CHG	OB	2	26	20	5	22	7
plasmid_puc19c	CHG	OB	2	27	21	16	22	18
plasmid_puc19c	CHG	OB	2	28	23	11	29	12
plasmid_puc19c	CHG	OB	2	29	27	13	31	16
plasmid_puc19c	CHG	OB	2	3	11	18	12	19
plasmid_puc19c	CHG	OB	2	30	22	8	22	8
plasmid_puc19c	CHG	OB	2	31	17	13	18	13
plasmid_puc19c	CHG	OB	2	32	19	5	22	5
plasmid_puc19c	CHG	OB	2	33	21	11	23	14
plasmid_puc19c	CHG	OB	2	34	20	17	21	18
plasmid_puc19c	CHG	OB	2	35	25	18	27	19
plasmid_puc19c	CHG	OB	2	36	19	16	22	17
plasmid_puc19c	CHG	OB	2	37	19	14	21	16
plasmid_puc19c	CHG	OB	2	38	28	2	31	5
plasmid_puc19c	CHG	OB	2	39	21	11	26	12
plasmid_puc19c	CHG	OB	2	4	14	12	15	13
plasmid_puc19c	CHG	OB	2	40	21	15	22	18
plasmid_puc19c	CHG	OB	2	41	22	9	24	10
plasmid_puc19c	CHG	OB	2	42	17	11	18	11
plasmid_puc19c	CHG	OB	2	43	21	4	23	4
plasmid_puc19c	CHG	OB	2	44	24	12	25	15
plasmid_puc19c	CHG	OB	2	45	13	7	13	7
plasmid_puc19c	CHG	OB	2	46	7	11	8	11
plasmid_puc19c	CHG	OB	2	47	15	9	17	10
plasmid_puc19c	CHG	OB	2	48	17	4	19	6
plasmid_puc19c	CHG	OB	2	49	11	8	15	9
plasmid_puc19c	CHG	OB	2	5	12	14	15	17
plasmid_puc19c	CHG	OB	2	50	16	13	18	14
plasmid_puc19c	CHG	OB	2	51	14	6	14	10
plasmid_puc19c	CHG	OB	2	52	17	11	20	13
plasmid_puc19c	CHG	OB	2	53	19	5	22	7
plasmid_puc19c	CHG	OB	2	54	11	2	14	4
plasmid_puc19c	CHG	OB	2	55	9	7	9	7
plasmid_puc19c	CHG	OB	2	56	18	9	20	9
plasmid_puc19c	CHG	OB	2	57	12	3	13	4
plasmid_puc19c	CHG	OB	2	58	17	8	17	9
plasmid_puc19c	CHG	OB	2	59	6	6	6	7
plasmid_puc19c	CHG	OB	2	6	9	16	11	18
plasmid_puc19c	CHG	OB	2	60	3	9	4	10
plasmid_puc19c	CHG	OB	2	61	8	6	8	6
plasmid_puc19c	CHG	OB	2	62	8	4	9	4
plasmid_puc19c	CHG	OB	2	63	9	3	9	3
plasmid_puc19c	CHG	OB	2	64	7	6	7	7
plasmid_puc19c	CHG	OB	2	65	5	6	6	8
plasmid_puc19c	CHG	OB	2	66	4	1	4	2
plasmid_puc19c	CHG	OB	2	67	8	5	8	6
plasmid_puc19c	CHG	OB	2	68	5	8	6	9
plasmid_puc19c	CHG	OB	2	69	6	4	7	4
plasmid_puc19c	CHG	OB	2	7	22	9	25	11
plasmid_puc19c	CHG	OB	2	70	8	9	10	11
plasmid_puc19c	CHG	OB	2	71	12	6	13	6
plasmid_puc19c	CHG	OB	2	72	8	2	10	2
plasmid_puc19c	CHG	OB	2	73	6	6	6	6
plasmid_puc19c	CHG	OB	2	74	3	1	3	1
plasmid_puc19c	CHG	OB	2	75	7	2	7	2
plasmid_puc19c	CHG	OB	2	76	1	0	1	0
plasmid_puc19c	CHG	OB	2	8	21	11	22	12
plasmid_puc19c	CHG	OB	2	9	17	14	18	16
plasmid_puc19c	CHG	OT	1	1	22	6	22	8
plasmid_puc19c	CHG	OT	1	10	21	14	25	14
plasmid_puc19c	CHG	OT	1	11	39	30	46	34
plasmid_puc19c	CHG	OT	1	12	23	26	25	28
plasmid_puc19c	CHG	OT	1	13	29	11	34	13
plasmid_puc19c	CHG	OT	1	14	18	17	20	17
plasmid_puc19c	CHG	OT	1	15	32	15	37	16
plasmid_puc19c	CHG	OT	1	16	31	21	34	25
plasmid_puc19c	CHG	OT	1	17	42	15	48	19
plasmid_puc19c	CHG	OT	1	18	21	15	23	19
plasmid_puc19c	CHG	OT	1	19	29	21	36	23
plasmid_puc19c	CHG	OT	1	2	11	15	12	18
plasmid_puc19c	CHG	OT	1	20	28	14	31	17
plasmid_puc19c	CHG	OT	1	21	35	21	47	26
plasmid_puc19c	CHG	OT	1	22	21	31	22	33
plasmid_puc19c	CHG	OT	1	23	32	26	37	32
plasmid_puc19c	CHG	OT	1	24	36	34	42	40
plasmid_puc19c	CHG	OT	1	25	44	29	49	34
plasmid_puc19c	CHG	OT	1	26	38	32	41	41
plasmid_puc19c	CHG	OT	1	27	40	23	44	28
plasmid_puc19c	CHG	OT	1	28	37	30	40	37
plasmid_puc19c	CHG	OT	1	29	32	28	37	32
plasmid_puc19c	CHG	OT	1	3	19	19	20	19
plasmid_puc19c	CHG	OT	1	30	27	45	34	49
plasmid_puc19c	CHG	OT	1	31	46	35	54	38
plasmid_puc19c	CHG	OT	1	32	40	37	45	45
plasmid_puc19c	CHG	OT	1	33	47	34	53	39
plasmid_puc19c	CHG	OT	1	34	36	37	44	42
plasmid_puc19c	CHG	OT	1	35	36	28	43	34
plasmid_puc19c	CHG	OT	1	36	40	45	42	51
plasmid_puc19c	CHG	OT	1	37	36	20	39	24
plasmid_puc19c	CHG	OT	1	38	36	36	42	44
plasmid_puc19c	CHG	OT	1	39	36	33	41	37
plasmid_puc19c	CHG	OT	1	4	17	12	20	13
plasmid_puc19c	CHG	OT	1	40	21	45	26	47
plasmid_puc19c	CHG	OT	1	41	33	32	40	36
plasmid_puc19c	CHG	OT	1	42	31	36	34	43
plasmid_puc19c	CHG	OT	1	43	36	29	40	34
plasmid_puc19c	CHG	OT	1	44	36	31	40	36
plasmid_puc19c	CHG	OT	1	45	27	25	32	28
plasmid_puc19c	CHG	OT	1	46	41	27	46	28
plasmid_puc19c	CHG	OT	1	47	33	23	38	27
plasmid_puc19c	CHG	OT	1	48	29	30	32	35
plasmid_puc19c	CHG	OT	1	49	42	17	52	17
plasmid_puc19c	CHG	OT	1	5	23	7	29	7
plasmid_puc19c	CHG	OT	1	50	36	32	41	34
plasmid_puc19c	CHG	OT	1	51	36	16	45	17
plasmid_puc19c	CHG	OT	1	52	28	22	33	24
plasmid_puc19c	CHG	OT	1	53	35	17	50	19
plasmid_puc19c	CHG	OT	1	54	29	18	31	19
plasmid_puc19c	CHG	OT	1	55	39	20	41	22
plasmid_puc19c	CHG	OT	1	56	28	24	32	24
plasmid_puc19c	CHG	OT	1	57	39	22	45	23
plasmid_puc19c	CHG	OT	1	58	35	16	36	19
plasmid_puc19c	CHG	OT	1	59	31	10	34	11
plasmid_puc19c	CHG	OT	1	6	12	26	14	29
plasmid_puc19c	CHG	OT	1	60	28	15	30	16
plasmid_puc19c	CHG	OT	1	61	49	16	56	20
plasmid_puc19c	CHG	OT	1	62	22	20	24	21
plasmid_puc19c	CHG	OT	1	63	15	18	17	21
plasmid_puc19c	CHG	OT	1	64	24	16	24	20
plasmid_puc19c	CHG	OT	1	65	17	18	18	18
plasmid_puc19c	CHG	OT	1	66	14	9	14	10
plasmid_puc19c	CHG	OT	1	67	32	8	34	8
plasmid_puc19c	CHG	OT	1	68	11	16	11	17
plasmid_puc19c	CHG	OT	1	69	13	9	14	10
plasmid_puc19c	CHG	OT	1	7	24	26	28	27
plasmid_puc19c	CHG	OT	1	70	13	9	14	9
plasmid_puc19c	CHG	OT	1	71	15	8	16	9
plasmid_puc19c	CHG	OT	1	72	9	13	10	14
plasmid_puc19c	CHG	OT	1	73	15	11	16	11
plasmid_puc19c	CHG	OT	1	74	9	7	9	7
plasmid_puc19c	CHG	OT	1	75	6	5	6	6
plasmid_puc19c	CHG	OT	1	76	4	6	4	6
plasmid_puc19c	CHG	OT	1	8	22	18	26	20
plasmid_puc19c	CHG	OT	1	9	38	18	46	21
plasmid_puc19c	CHG	OT	2	1	19	4	21	6
plasmid_puc19c	CHG	OT	2	10	25	17	28	19
plasmid_puc19c	CHG	OT	2	11	49	21	54	25
plasmid_puc19c	CHG	OT	2	12	20	26	21	28
plasmid_puc19c	CHG	OT	2	13	37	15	48	18
plasmid_puc19c	CHG	OT	2	14	25	22	27	23
plasmid_puc19c	CHG	OT	2	15	53	20	60	21
plasmid_puc19c	CHG	OT	2	16	26	22	30	27
plasmid_puc19c	CHG	OT	2	17	41	16	45	20
plasmid_puc19c	CHG	OT	2	18	14	22	16	27
plasmid_puc19c	CHG	OT	2	19	56	28	64	33
plasmid_puc19c	CHG	OT	2	2	15	15	16	19
plasmid_puc19c	CHG	OT	2	20	28	26	32	31
plasmid_puc19c	CHG	OT	2	21	48	23	58	28
plasmid_puc19c	CHG	OT	2	22	29	34	31	36
plasmid_puc19c	CHG	OT	2	23	58	26	66	33
plasmid_puc19c	CHG	OT	2	24	41	44	44	50
plasmid_puc19c	CHG	OT	2	25	33	26	38	33
plasmid_puc19c	CHG	OT	2	26	31	37	36	46
plasmid_puc19c	CHG	OT	2	27	56	26	62	32
plasmid_puc19c	CHG	OT	2	28	41	37	41	47
plasmid_puc19c	CHG	OT	2	29	45	34	51	39
plasmid_puc19c	CHG	OT	2	3	31	16	32	16
plasmid_puc19c	CHG	OT	2	30	39	51	44	59
plasmid_puc19c	CHG	OT	2	31	54	36	65	43
plasmid_puc19c	CHG	OT	2	32	38	50	42	58
plasmid_puc19c	CHG	OT	2	33	47	36	54	41
plasmid_puc19c	CHG	OT	2	34	21	48	23	55
plasmid_puc19c	CHG	OT	2	35	55	35	64	37
plasmid_puc19c	CHG	OT	2	36	36	58	39	71
plasmid_puc19c	CHG	OT	2	37	49	32	56	36
plasmid_puc19c	CHG	OT	2	38	24	48	28	51
plasmid_puc19c	CHG	OT	2	39	51	31	57	34
plasmid_puc19c	CHG	OT	2	4	22	13	24	14
plasmid_puc19c	CHG	OT	2	40	21	55	27	60
plasmid_puc19c	CHG	OT	2	41	45	29	54	32
plasmid_puc19c	CHG	OT	2	42	30	31	32	38
plasmid_puc19c	CHG	OT	2	43	53	23	59	29
plasmid_puc19c	CHG	OT	2	44	32	45	39	48
plasmid_puc19c	CHG	OT	2	45	33	22	38	27
plasmid_puc19c	CHG	OT	2	46	27	35	28	37
plasmid_puc19c	CHG	OT	2	47	51	24	56	27
plasmid_puc19c	CHG	OT	2	48	21	26	26	28
plasmid_puc19c	CHG	OT	2	49	42	18	51	20
plasmid_puc19c	CHG	OT	2	5	20	11	27	11
plasmid_puc19c	CHG	OT	2	50	24	32	27	34
plasmid_puc19c	CHG	OT	2	51	47	20	55	21
plasmid_puc19c	CHG	OT	2	52	27	21	33	25
plasmid_puc19c	CHG	OT	2	53	27	10	37	10
plasmid_puc19c	CHG	OT	2	54	18	21	19	22
plasmid_puc19c	CHG	OT	2	55	45	13	51	14
plasmid_puc19c	CHG	OT	2	56	23	11	26	13
plasmid_puc19c	CHG	OT	2	57	30	11	33	11
plasmid_puc19c	CHG	OT	2	58	25	10	25	13
plasmid_puc19c	CHG	OT	2	59	41	14	45	14
plasmid_puc19c	CHG	OT	2	6	23	27	25	30
plasmid_puc19c	CHG	OT	2	60	22	11	25	14
plasmid_puc19c	CHG	OT	2	61	24	9	25	10
plasmid_puc19c	CHG	OT	2	62	12	14	13	16
plasmid_puc19c	CHG	OT	2	63	21	10	23	11
plasmid_puc19c	CHG	OT	2	64	23	14	25	18
plasmid_puc19c	CHG	OT	2	65	12	5	12	5
plasmid_puc19c	CHG	OT	2	66	8	9	9	10
plasmid_puc19c	CHG	OT	2	67	18	9	19	9
plasmid_puc19c	CHG	OT	2	68	5	9	5	10
plasmid_puc19c	CHG	OT	2	69	5	4	5	4
plasmid_puc19c	CHG	OT	2	7	36	23	42	24
plasmid_puc19c	CHG	OT	2	70	5	7	6	7
plasmid_puc19c	CHG	OT	2	71	8	4	8	4
plasmid_puc19c	CHG	OT	2	72	5	6	5	6
plasmid_puc19c	CHG	OT	2	73	4	4	4	4
plasmid_puc19c	CHG	OT	2	74	4	7	4	7
plasmid_puc19c	CHG	OT	2	75	2	4	2	4
plasmid_puc19c	CHG	OT	2	76	0	2	0	2
plasmid_puc19c	CHG	OT	2	8	27	28	31	30
plasmid_puc19c	CHG	OT	2	9	44	27	53	30
plasmid_puc19c	CpG	OB	1	1	21	7	24	8
plasmid_puc19c	CpG	OB	1	10	4	9	4	9
plasmid_puc19c	CpG	OB	1	11	5	4	5	5
plasmid_puc19c	CpG	OB	1	12	4	10	4	10
plasmid_puc19c	CpG	OB	1	13	3	6	3	7
plasmid_puc19c	CpG	OB	1	14	7	6	7	6
plasmid_puc19c	CpG	OB	1	15	4	3	4	3
plasmid_puc19c	CpG	OB	1	16	8	12	9	14
plasmid_puc19c	CpG	OB	1	17	4	15	4	15
plasmid_puc19c	CpG	OB	1	18	4	8	4	9
plasmid_puc19c	CpG	OB	1	19	3	16	3	16
plasmid_puc19c	CpG	OB	1	2	5	6	8	6
plasmid_puc19c	CpG	OB	1	20	6	12	6	14
plasmid_puc19c	CpG	OB	1	21	5	15	5	17
plasmid_puc19c	CpG	OB	1	22	10	19	11	21
plasmid_puc19c	CpG	OB	1	23	9	11	12	12
plasmid_puc19c	CpG	OB	1	24	4	15	5	19
plasmid_puc19c	CpG	OB	1	25	8	20	10	21
plasmid_puc19c	CpG	OB	1	26	12	22	12	23
plasmid_puc19c	CpG	OB	1	27	16	22	20	24
plasmid_puc19c	CpG	OB	1	28	17	25	17	25
plasmid_puc19c	CpG	OB	1	29	17	17	18	18
plasmid_puc19c	CpG	OB	1	3	19	9	19	10
plasmid_puc19c	CpG	OB	1	30	17	21	19	21
plasmid_puc19c	CpG	OB	1	31	16	12	19	13
plasmid_puc19c	CpG	OB	1	32	12	24	13	25
plasmid_puc19c	CpG	OB	1	33	16	17	18	22
plasmid_puc19c	CpG	OB	1	34	15	19	15	19
plasmid_puc19c	CpG	OB	1	35	21	22	22	22
plasmid_puc19c	CpG	OB	1	36	16	12	19	13
plasmid_puc19c	CpG	OB	1	37	26	26	31	28
plasmid_puc19c	CpG	OB	1	38	18	14	21	17
plasmid_puc19c	CpG	OB	1	39	20	25	21	25
plasmid_puc19c	CpG	OB	1	4	7	11	8	11
plasmid_puc19c	CpG	OB	1	40	9	18	10	21
plasmid_puc19c	CpG	OB	1	41	9	14	12	17
plasmid_puc19c	CpG	OB	1	42	20	14	21	15
plasmid_puc19c	CpG	OB	1	43	10	21	18	23
plasmid_puc19c	CpG	OB	1	44	17	22	23	24
plasmid_puc19c	CpG	OB	1	45	26	18	31	20
plasmid_puc19c	CpG	OB	1	46	8	16	9	18
plasmid_puc19c	CpG	OB	1	47	11	16	13	18
plasmid_puc19c	CpG	OB	1	48	12	14	15	19
plasmid_puc19c	CpG	OB	1	49	17	18	18	20
plasmid_puc19c	CpG	OB	1	5	6	9	6	9
plasmid_puc19c	CpG	OB	1	50	14	22	15	25
plasmid_puc19c	CpG	OB	1	51	12	15	12	18
plasmid_puc19c	CpG	OB	1	52	18	11	19	15
plasmid_puc19c	CpG	OB	1	53	12	11	14	14
plasmid_puc19c	CpG	OB	1	54	7	14	9	16
plasmid_puc19c	CpG	OB	1	55	11	17	11	19
plasmid_puc19c	CpG	OB	1	56	12	9	14	9
plasmid_puc19c	CpG	OB	1	57	11	21	14	22
plasmid_puc19c	CpG	OB	1	58	14	11	15	15
plasmid_puc19c	CpG	OB	1	59	11	11	12	14
plasmid_puc19c	CpG	OB	1	6	13	3	13	3
plasmid_puc19c	CpG	OB	1	60	8	7	10	8
plasmid_puc19c	CpG	OB	1	61	8	15	9	16
plasmid_puc19c	CpG	OB	1	62	13	11	14	14
plasmid_puc19c	CpG	OB	1	63	11	15	14	16
plasmid_puc19c	CpG	OB	1	64	12	8	15	13
plasmid_puc19c	CpG	OB	1	65	14	8	17	10
plasmid_puc19c	CpG	OB	1	66	6	14	8	18
plasmid_puc19c	CpG	OB	1	67	4	13	5	14
plasmid_puc19c	CpG	OB	1	68	4	8	5	9
plasmid_puc19c	CpG	OB	1	69	11	7	12	10
plasmid_puc19c	CpG	OB	1	7	8	6	8	6
plasmid_puc19c	CpG	OB	1	70	6	6	7	8
plasmid_puc19c	CpG	OB	1	71	7	10	8	10
plasmid_puc19c	CpG	OB	1	72	3	7	4	9
plasmid_puc19c	CpG	OB	1	73	5	10	6	10
plasmid_puc19c	CpG	OB	1	74	3	6	3	6
plasmid_puc19c	CpG	OB	1	75	4	7	4	8
plasmid_puc19c	CpG	OB	1	76	4	2	4	2
plasmid_puc19c	CpG	OB	1	8	13	5	14	5
plasmid_puc19c	CpG	OB	1	9	11	5	11	5
plasmid_puc19c	CpG	OB	2	1	10	7	10	8
plasmid_puc19c	CpG	OB	2	10	3	7	3	7
plasmid_puc19c	CpG	OB	2	11	3	3	5	3
plasmid_puc19c	CpG	OB	2	12	3	6	3	6
plasmid_puc19c	CpG	OB	2	13	6	4	6	4
plasmid_puc19c	CpG	OB	2	14	7	8	7	8
plasmid_puc19c	CpG	OB	2	15	2	3	2	4
plasmid_puc19c	CpG	OB	2	16	6	9	6	10
plasmid_puc19c	CpG	OB	2	17	6	9	6	9
plasmid_puc19c	CpG	OB	2	18	9	5	9	6
plasmid_puc19c	CpG	OB	2	19	3	11	3	11
plasmid_puc19c	CpG	OB	2	2	5	6	5	6
plasmid_puc19c	CpG	OB	2	20	7	8	7	9
plasmid_puc19c	CpG	OB	2	21	6	13	7	14
plasmid_puc19c	CpG	OB	2	22	9	13	10	14
plasmid_puc19c	CpG	OB	2	23	9	11	10	12
plasmid_puc19c	CpG	OB	2	24	3	16	4	18
plasmid_puc19c	CpG	OB	2	25	8	13	10	13
plasmid_puc19c	CpG	OB	2	26	9	14	9	14
plasmid_puc19c	CpG	OB	2	27	12	15	12	17
plasmid_puc19c	CpG	OB	2	28	12	15	12	15
plasmid_puc19c	CpG	OB	2	29	11	17	12	17
plasmid_puc19c	CpG	OB	2	3	10	9	11	10
plasmid_puc19c	CpG	OB	2	30	12	23	14	23
plasmid_puc19c	CpG	OB	2	31	9	15	13	16
plasmid_puc19c	CpG	OB	2	32	7	18	8	18
plasmid_puc19c	CpG	OB	2	33	9	12	9	14
plasmid_puc19c	CpG	OB	2	34	14	22	14	23
plasmid_puc19c	CpG	OB	2	35	12	12	13	15
plasmid_puc19c	CpG	OB	2	36	8	8	10	9
plasmid_puc19c	CpG	OB	2	37	13	18	14	18
plasmid_puc19c	CpG	OB	2	38	9	16	9	16
plasmid_puc19c	CpG	OB	2	39	18	19	21	21
plasmid_puc19c	CpG	OB	2	4	4	7	5	7
plasmid_puc19c	CpG	OB	2	40	7	18	9	21
plasmid_puc19c	CpG	OB	2	41	7	19	10	21
plasmid_puc19c	CpG	OB	2	42	16	14	18	16
plasmid_puc19c	CpG	OB	2	43	14	17	20	18
plasmid_puc19c	CpG	OB	2	44	10	31	14	32
plasmid_puc19c	CpG	OB	2	45	15	15	17	17
plasmid_puc19c	CpG	OB	2	46	6	20	7	22
plasmid_puc19c	CpG	OB	2	47	9	18	12	20
plasmid_puc19c	CpG	OB	2	48	11	8	12	12
plasmid_puc19c	CpG	OB	2	49	16	28	17	30
plasmid_puc19c	CpG	OB	2	5	3	9	3	9
plasmid_puc19c	CpG	OB	2	50	14	23	17	26
plasmid_puc19c	CpG	OB	2	51	15	16	17	22
plasmid_puc19c	CpG	OB	2	52	16	19	17	21
plasmid_puc19c	CpG	OB	2	53	14	13	18	15
plasmid_puc19c	CpG	OB	2	54	13	18	16	19
plasmid_puc19c	CpG	OB	2	55	17	22	17	24
plasmid_puc19c	CpG	OB	2	56	13	12	16	14
plasmid_puc19c	CpG	OB	2	57	15	15	15	15
plasmid_puc19c	CpG	OB	2	58	23	7	25	7
plasmid_puc19c	CpG	OB	2	59	16	10	18	16
plasmid_puc19c	CpG	OB	2	6	13	3	13	3
plasmid_puc19c	CpG	OB	2	60	6	14	8	14
plasmid_puc19c	CpG	OB	2	61	7	20	7	22
plasmid_puc19c	CpG	OB	2	62	17	12	19	14
plasmid_puc19c	CpG	OB	2	63	17	14	19	17
plasmid_puc19c	CpG	OB	2	64	13	20	17	26
plasmid_puc19c	CpG	OB	2	65	16	9	19	10
plasmid_puc19c	CpG	OB	2	66	19	11	21	14
plasmid_puc19c	CpG	OB	2	67	15	15	16	19
plasmid_puc19c	CpG	OB	2	68	13	10	15	14
plasmid_puc19c	CpG	OB	2	69	19	13	23	17
plasmid_puc19c	CpG	OB	2	7	9	5	11	5
plasmid_puc19c	CpG	OB	2	70	13	14	14	16
plasmid_puc19c	CpG	OB	2	71	16	11	18	16
plasmid_puc19c	CpG	OB	2	72	10	13	10	13
plasmid_puc19c	CpG	OB	2	73	14	5	18	5
plasmid_puc19c	CpG	OB	2	74	18	7	18	8
plasmid_puc19c	CpG	OB	2	75	5	2	5	2
plasmid_puc19c	CpG	OB	2	76	6	0	7	0
plasmid_puc19c	CpG	OB	2	8	3	3	4	3
plasmid_puc19c	CpG	OB	2	9	8	2	8	2
plasmid_puc19c	CpG	OT	1	1	39	26	43	31
plasmid_puc19c	CpG	OT	1	10	11	66	14	85
plasmid_puc19c	CpG	OT	1	11	8	31	8	36
plasmid_puc19c	CpG	OT	1	12	18	56	20	66
plasmid_puc19c	CpG	OT	1	13	9	39	11	45
plasmid_puc19c	CpG	OT	1	14	27	59	33	73
plasmid_puc19c	CpG	OT	1	15	16	28	16	29
plasmid_puc19c	CpG	OT	1	16	13	43	14	48
plasmid_puc19c	CpG	OT	1	17	16	59	19	66
plasmid_puc19c	CpG	OT	1	18	14	70	15	79
plasmid_puc19c	CpG	OT	1	19	6	50	7	56
plasmid_puc19c	CpG	OT	1	2	9	40	9	45
plasmid_puc19c	CpG	OT	1	20	16	59	18	72
plasmid_puc19c	CpG	OT	1	21	20	31	21	38
plasmid_puc19c	CpG	OT	1	22	13	65	17	76
plasmid_puc19c	CpG	OT	1	23	20	37	22	43
plasmid_puc19c	CpG	OT	1	24	12	39	17	47
plasmid_puc19c	CpG	OT	1	25	20	52	22	56
plasmid_puc19c	CpG	OT	1	26	33	71	41	78
plasmid_puc19c	CpG	OT	1	27	20	44	23	50
plasmid_puc19c	CpG	OT	1	28	16	52	18	58
plasmid_puc19c	CpG	OT	1	29	21	45	26	50
plasmid_puc19c	CpG	OT	1	3	11	23	11	28
plasmid_puc19c	CpG	OT	1	30	29	71	29	83
plasmid_puc19c	CpG	OT	1	31	18	38	18	49
plasmid_puc19c	CpG	OT	1	32	21	71	23	82
plasmid_puc19c	CpG	OT	1	33	28	50	31	57
plasmid_puc19c	CpG	OT	1	34	22	83	23	90
plasmid_puc19c	CpG	OT	1	35	15	48	17	57
plasmid_puc19c	CpG	OT	1	36	20	53	22	62
plasmid_puc19c	CpG	OT	1	37	29	53	31	56
plasmid_puc19c	CpG	OT	1	38	18	79	19	87
plasmid_puc19c	CpG	OT	1	39	25	61	30	72
plasmid_puc19c	CpG	OT	1	4	9	49	9	55
plasmid_puc19c	CpG	OT	1	40	22	63	24	74
plasmid_puc19c	CpG	OT	1	41	32	42	35	50
plasmid_puc19c	CpG	OT	1	42	31	85	32	101
plasmid_puc19c	CpG	OT	1	43	29	50	33	54
plasmid_puc19c	CpG	OT	1	44	21	61	22	66
plasmid_puc19c	CpG	OT	1	45	25	57	28	65
plasmid_puc19c	CpG	OT	1	46	21	81	23	96
plasmid_puc19c	CpG	OT	1	47	33	50	34	61
plasmid_puc19c	CpG	OT	1	48	18	49	19	57
plasmid_puc19c	CpG	OT	1	49	14	57	17	62
plasmid_puc19c	CpG	OT	1	5	20	32	21	40
plasmid_puc19c	CpG	OT	1	50	27	79	29	89
plasmid_puc19c	CpG	OT	1	51	30	51	34	55
plasmid_puc19c	CpG	OT	1	52	16	48	21	55
plasmid_puc19c	CpG	OT	1	53	18	35	23	39
plasmid_puc19c	CpG	OT	1	54	22	61	23	73
plasmid_puc19c	CpG	OT	1	55	27	32	29	38
plasmid_puc19c	CpG	OT	1	56	18	44	20	48
plasmid_puc19c	CpG	OT	1	57	11	27	13	33
plasmid_puc19c	CpG	OT	1	58	18	46	21	59
plasmid_puc19c	CpG	OT	1	59	17	43	17	45
plasmid_puc19c	CpG	OT	1	6	13	40	15	52
plasmid_puc19c	CpG	OT	1	60	12	36	12	40
plasmid_puc19c	CpG	OT	1	61	14	30	18	37
plasmid_puc19c	CpG	OT	1	62	21	50	21	56
plasmid_puc19c	CpG	OT	1	63	20	34	20	36
plasmid_puc19c	CpG	OT	1	64	15	39	17	48
plasmid_puc19c	CpG	OT	1	65	12	25	12	27
plasmid_puc19c	CpG	OT	1	66	17	33	18	37
plasmid_puc19c	CpG	OT	1	67	19	22	21	24
plasmid_puc19c	CpG	OT	1	68	7	36	8	42
plasmid_puc19c	CpG	OT	1	69	17	20	17	23
plasmid_puc19c	CpG	OT	1	7	16	33	18	36
plasmid_puc19c	CpG	OT	1	70	12	30	12	35
plasmid_puc19c	CpG	OT	1	71	13	19	13	20
plasmid_puc19c	CpG	OT	1	72	20	31	22	36
plasmid_puc19c	CpG	OT	1	73	23	28	23	28
plasmid_puc19c	CpG	OT	1	74	13	20	14	22
plasmid_puc19c	CpG	OT	1	75	26	13	27	15
plasmid_puc19c	CpG	OT	1	76	27	34	33	37
plasmid_puc19c	CpG	OT	1	8	18	42	21	48
plasmid_puc19c	CpG	OT	1	9	11	40	11	46
plasmid_puc19c	CpG	OT	2	1	35	25	40	29
plasmid_puc19c	CpG	OT	2	10	17	70	21	84
plasmid_puc19c	CpG	OT	2	11	10	27	13	34
plasmid_puc19c	CpG	OT	2	12	19	79	21	95
plasmid_puc19c	CpG	OT	2	13	13	32	14	36
plasmid_puc19c	CpG	OT	2	14	22	55	25	67
plasmid_puc19c	CpG	OT	2	15	17	41	17	44
plasmid_puc19c	CpG	OT	2	16	24	71	24	77
plasmid_puc19c	CpG	OT	2	17	15	51	18	56
plasmid_puc19c	CpG	OT	2	18	15	57	16	67
plasmid_puc19c	CpG	OT	2	19	12	42	14	49
plasmid_puc19c	CpG	OT	2	2	14	38	14	47
plasmid_puc19c	CpG	OT	2	20	21	80	24	94
plasmid_puc19c	CpG	OT	2	21	25	40	26	46
plasmid_puc19c	CpG	OT	2	22	13	69	17	82
plasmid_puc19c	CpG	OT	2	23	16	37	17	40
plasmid_puc19c	CpG	OT	2	24	18	78	19	90
plasmid_puc19c	CpG	OT	2	25	29	43	32	48
plasmid_puc19c	CpG	OT	2	26	12	66	15	71
plasmid_puc19c	CpG	OT	2	27	19	45	21	51
plasmid_puc19c	CpG	OT	2	28	22	80	24	86
plasmid_puc19c	CpG	OT	2	29	26	47	31	53
plasmid_puc19c	CpG	OT	2	3	17	23	17	30
plasmid_puc19c	CpG	OT	2	30	19	73	21	81
plasmid_puc19c	CpG	OT	2	31	22	42	25	50
plasmid_puc19c	CpG	OT	2	32	26	74	28	86
plasmid_puc19c	CpG	OT	2	33	35	55	38	57
plasmid_puc19c	CpG	OT	2	34	17	72	18	83
plasmid_puc19c	CpG	OT	2	35	24	36	29	43
plasmid_puc19c	CpG	OT	2	36	23	73	25	85
plasmid_puc19c	CpG	OT	2	37	34	50	38	56
plasmid_puc19c	CpG	OT	2	38	19	76	22	89
plasmid_puc19c	CpG	OT	2	39	29	36	31	44
plasmid_puc19c	CpG	OT	2	4	16	71	16	81
plasmid_puc19c	CpG	OT	2	40	26	73	29	82
plasmid_puc19c	CpG	OT	2	41	25	53	30	60
plasmid_puc19c	CpG	OT	2	42	27	70	33	83
plasmid_puc19c	CpG	OT	2	43	32	41	36	46
plasmid_puc19c	CpG	OT	2	44	23	78	24	87
plasmid_puc19c	CpG	OT	2	45	37	58	37	66
plasmid_puc19c	CpG	OT	2	46	23	72	28	87
plasmid_puc19c	CpG	OT	2	47	24	38	25	48
plasmid_puc19c	CpG	OT	2	48	23	60	25	69
plasmid_puc19c	CpG	OT	2	49	12	33	14	38
plasmid_puc19c	CpG	OT	2	5	18	34	20	40
plasmid_puc19c	CpG	OT	2	50	23	68	25	78
plasmid_puc19c	CpG	OT	2	51	24	42	28	46
plasmid_puc19c	CpG	OT	2	52	21	60	23	65
plasmid_puc19c	CpG	OT	2	53	24	22	29	30
plasmid_puc19c	CpG	OT	2	54	20	56	22	63
plasmid_puc19c	CpG	OT	2	55	15	28	19	31
plasmid_puc19c	CpG	OT	2	56	22	58	24	66
plasmid_puc19c	CpG	OT	2	57	16	19	17	21
plasmid_puc19c	CpG	OT	2	58	11	44	12	50
plasmid_puc19c	CpG	OT	2	59	17	25	19	28
plasmid_puc19c	CpG	OT	2	6	17	43	18	57
plasmid_puc19c	CpG	OT	2	60	9	60	10	68
plasmid_puc19c	CpG	OT	2	61	9	24	12	27
plasmid_puc19c	CpG	OT	2	62	17	26	19	28
plasmid_puc19c	CpG	OT	2	63	14	17	14	20
plasmid_puc19c	CpG	OT	2	64	22	30	22	35
plasmid_puc19c	CpG	OT	2	65	17	16	22	19
plasmid_puc19c	CpG	OT	2	66	13	29	13	32
plasmid_puc19c	CpG	OT	2	67	14	9	16	11
plasmid_puc19c	CpG	OT	2	68	11	21	11	22
plasmid_puc19c	CpG	OT	2	69	10	13	10	13
plasmid_puc19c	CpG	OT	2	7	27	31	27	36
plasmid_puc19c	CpG	OT	2	70	14	23	15	27
plasmid_puc19c	CpG	OT	2	71	8	12	8	15
plasmid_puc19c	CpG	OT	2	72	5	21	5	23
plasmid_puc19c	CpG	OT	2	73	9	9	9	9
plasmid_puc19c	CpG	OT	2	74	8	27	10	29
plasmid_puc19c	CpG	OT	2	75	11	8	11	9
plasmid_puc19c	CpG	OT	2	76	1	2	1	2
plasmid_puc19c	CpG	OT	2	8	23	73	25	83
plasmid_puc19c	CpG	OT	2	9	14	29	17	36
phage_T4	CHH	OB	1	1	792	783	2085	2135
phage_T4	CHH	OB	1	10	1134	1107	3599	3823
phage_T4	CHH	OB	1	11	1020	1013	3586	3660
phage_T4	CHH	OB	1	12	978	1181	3465	3769
phage_T4	CHH	OB	1	13	1112	1208	4566	4658
phage_T4	CHH	OB	1	14	1039	1131	4111	4320
phage_T4	CHH	OB	1	15	1099	1375	4221	4751
phage_T4	CHH	OB	1	16	1291	1277	5383	4983
phage_T4	CHH	OB	1	17	1134	1282	4353	4502
phage_T4	CHH	OB	1	18	1231	1449	4420	4765
phage_T4	CHH	OB	1	19	1328	1374	5330	5168
phage_T4	CHH	OB	1	2	693	715	1882	1922
phage_T4	CHH	OB	1	20	1363	1324	4646	5102
phage_T4	CHH	OB	1	21	1293	1521	4606	5024
phage_T4	CHH	OB	1	22	1354	1463	5336	5432
phage_T4	CHH	OB	1	23	1319	1319	4656	4593
phage_T4	CHH	OB	1	24	1342	1442	4550	4934
phage_T4	CHH	OB	1	25	1429	1460	4877	5022
phage_T4	CHH	OB	1	26	1321	1370	4738	5097
phage_T4	CHH	OB	1	27	1359	1539	4576	5164
phage_T4	CHH	OB	1	28	1575	1413	5513	4770
phage_T4	CHH	OB	1	29	1344	1491	4777	4944
phage_T4	CHH	OB	1	3	702	960	1973	2243
phage_T4	CHH	OB	1	30	1372	1572	4660	5262
phage_T4	CHH	OB	1	31	1417	1549	5065	5121
phage_T4	CHH	OB	1	32	1390	1416	5028	5283
phage_T4	CHH	OB	1	33	1375	1557	5032	5271
phage_T4	CHH	OB	1	34	1455	1557	5718	5546
phage_T4	CHH	OB	1	35	1310	1466	5039	4884
phage_T4	CHH	OB	1	36	1286	1465	4878	5145
phage_T4	CHH	OB	1	37	1423	1395	5520	5411
phage_T4	CHH	OB	1	38	1287	1353	4915	5334
phage_T4	CHH	OB	1	39	1229	1461	4934	5305
phage_T4	CHH	OB	1	4	935	833	2681	2326
phage_T4	CHH	OB	1	40	1298	1276	5874	5117
phage_T4	CHH	OB	1	41	1178	1234	4784	4738
phage_T4	CHH	OB	1	42	1192	1269	4749	4771
phage_T4	CHH	OB	1	43	1167	1203	4974	4804
phage_T4	CHH	OB	1	44	1080	1127	4949	4811
phage_T4	CHH	OB	1	45	1021	1262	4935	4916
phage_T4	CHH	OB	1	46	1072	1093	5581	4954
phage_T4	CHH	OB	1	47	987	1025	4455	4453
phage_T4	CHH	OB	1	48	900	1074	4342	4302
phage_T4	CHH	OB	1	49	1000	956	4762	4221
phage_T4	CHH	OB	1	5	852	879	3016	2628
phage_T4	CHH	OB	1	50	852	943	4296	4313
phage_T4	CHH	OB	1	51	850	1011	4282	4440
phage_T4	CHH	OB	1	52	915	857	5146	4146
phage_T4	CHH	OB	1	53	813	758	3951	3784
phage_T4	CHH	OB	1	54	780	864	3922	3719
phage_T4	CHH	OB	1	55	816	762	3783	3449
phage_T4	CHH	OB	1	56	695	701	3728	3444
phage_T4	CHH	OB	1	57	683	771	4060	4054
phage_T4	CHH	OB	1	58	728	680	3957	3450
phage_T4	CHH	OB	1	59	606	617	3494	3131
phage_T4	CHH	OB	1	6	818	1037	3031	3063
phage_T4	CHH	OB	1	60	634	633	3568	3752
phage_T4	CHH	OB	1	61	634	577	3270	3058
phage_T4	CHH	OB	1	62	524	587	2972	2975
phage_T4	CHH	OB	1	63	540	626	2957	3237
phage_T4	CHH	OB	1	64	614	522	3182	2769
phage_T4	CHH	OB	1	65	475	496	2581	2751
phage_T4	CHH	OB	1	66	474	499	2913	2530
phage_T4	CHH	OB	1	67	470	467	2156	2301
phage_T4	CHH	OB	1	68	438	430	2501	2318
phage_T4	CHH	OB	1	69	436	503	2394	2789
phage_T4	CHH	OB	1	7	1004	1086	3991	3894
phage_T4	CHH	OB	1	70	446	454	2189	2527
phage_T4	CHH	OB	1	71	367	364	2223	2079
phage_T4	CHH	OB	1	72	390	399	2172	2304
phage_T4	CHH	OB	1	73	374	329	2105	1812
phage_T4	CHH	OB	1	74	318	323	1900	1808
phage_T4	CHH	OB	1	75	246	503	1239	2300
phage_T4	CHH	OB	1	76	396	143	2372	819
phage_T4	CHH	OB	1	8	889	950	3247	3257
phage_T4	CHH	OB	1	9	998	1094	3138	3419
phage_T4	CHH	OB	2	1	493	716	1457	1908
phage_T4	CHH	OB	2	10	895	917	2964	3256
phage_T4	CHH	OB	2	11	921	868	2988	3195
phage_T4	CHH	OB	2	12	934	1020	3108	3221
phage_T4	CHH	OB	2	13	920	1028	3462	3816
phage_T4	CHH	OB	2	14	941	952	3509	3484
phage_T4	CHH	OB	2	15	1024	1186	3599	4033
phage_T4	CHH	OB	2	16	984	1109	3940	4306
phage_T4	CHH	OB	2	17	1008	1086	3710	4200
phage_T4	CHH	OB	2	18	1132	1275	4031	4413
phage_T4	CHH	OB	2	19	1131	1205	4255	4563
phage_T4	CHH	OB	2	2	625	554	1829	1353
phage_T4	CHH	OB	2	20	1194	1160	4134	4067
phage_T4	CHH	OB	2	21	1157	1311	4057	4425
phage_T4	CHH	OB	2	22	1147	1241	4238	4702
phage_T4	CHH	OB	2	23	1165	1196	4131	4529
phage_T4	CHH	OB	2	24	1211	1305	4329	4663
phage_T4	CHH	OB	2	25	1227	1266	4519	4821
phage_T4	CHH	OB	2	26	1242	1264	4609	4487
phage_T4	CHH	OB	2	27	1216	1387	4408	4698
phage_T4	CHH	OB	2	28	1280	1299	4838	4947
phage_T4	CHH	OB	2	29	1278	1324	4741	4813
phage_T4	CHH	OB	2	3	626	889	1641	2061
phage_T4	CHH	OB	2	30	1278	1445	4974	4994
phage_T4	CHH	OB	2	31	1256	1410	5190	4967
phage_T4	CHH	OB	2	32	1280	1321	5247	4684
phage_T4	CHH	OB	2	33	1339	1349	4909	4798
phage_T4	CHH	OB	2	34	1337	1405	4970	5053
phage_T4	CHH	OB	2	35	1278	1375	4965	4721
phage_T4	CHH	OB	2	36	1270	1443	5100	5158
phage_T4	CHH	OB	2	37	1298	1397	5114	5125
phage_T4	CHH	OB	2	38	1264	1364	5169	4856
phage_T4	CHH	OB	2	39	1227	1417	4971	5189
phage_T4	CHH	OB	2	4	754	706	2188	2066
phage_T4	CHH	OB	2	40	1296	1326	5165	5278
phage_T4	CHH	OB	2	41	1266	1435	5096	5238
phage_T4	CHH	OB	2	42	1357	1410	5381	5279
phage_T4	CHH	OB	2	43	1276	1370	5399	5338
phage_T4	CHH	OB	2	44	1231	1313	5678	5106
phage_T4	CHH	OB	2	45	1196	1367	5438	5337
phage_T4	CHH	OB	2	46	1156	1331	5306	5555
phage_T4	CHH	OB	2	47	1147	1210	5169	5192
phage_T4	CHH	OB	2	48	1107	1241	5210	5170
phage_T4	CHH	OB	2	49	1117	1179	5338	5053
phage_T4	CHH	OB	2	5	717	723	2180	2290
phage_T4	CHH	OB	2	50	1066	1133	5161	4666
phage_T4	CHH	OB	2	51	1081	1181	4844	4924
phage_T4	CHH	OB	2	52	1028	1056	5011	4584
phage_T4	CHH	OB	2	53	1001	981	4582	4368
phage_T4	CHH	OB	2	54	1010	1037	4882	4309
phage_T4	CHH	OB	2	55	934	972	4807	4225
phage_T4	CHH	OB	2	56	953	922	4850	4152
phage_T4	CHH	OB	2	57	924	971	4483	4244
phage_T4	CHH	OB	2	58	883	909	4430	4153
phage_T4	CHH	OB	2	59	862	856	4308	3773
phage_T4	CHH	OB	2	6	757	881	2466	2655
phage_T4	CHH	OB	2	60	822	860	4256	3846
phage_T4	CHH	OB	2	61	812	761	4046	3611
phage_T4	CHH	OB	2	62	700	779	4077	3407
phage_T4	CHH	OB	2	63	737	741	3820	3601
phage_T4	CHH	OB	2	64	731	712	3789	3362
phage_T4	CHH	OB	2	65	665	669	3375	3094
phage_T4	CHH	OB	2	66	629	704	3352	3218
phage_T4	CHH	OB	2	67	645	645	3447	3282
phage_T4	CHH	OB	2	68	622	580	3611	3159
phage_T4	CHH	OB	2	69	591	644	3365	3267
phage_T4	CHH	OB	2	7	802	873	3179	2989
phage_T4	CHH	OB	2	70	554	567	3238	3125
phage_T4	CHH	OB	2	71	511	587	2947	3162
phage_T4	CHH	OB	2	72	549	557	2947	2807
phage_T4	CHH	OB	2	73	521	483	2558	2510
phage_T4	CHH	OB	2	74	419	458	2449	1959
phage_T4	CHH	OB	2	75	432	283	1847	1227
phage_T4	CHH	OB	2	76	316	0	1290	0
phage_T4	CHH	OB	2	8	753	796	2705	2601
phage_T4	CHH	OB	2	9	881	926	2808	2944
phage_T4	CHH	OT	1	1	1507	679	3665	1513
phage_T4	CHH	OT	1	10	1512	1577	4154	4213
phage_T4	CHH	OT	1	11	1593	1762	4218	8215
phage_T4	CHH	OT	1	12	1652	1728	4871	5728
phage_T4	CHH	OT	1	13	1792	1706	6528	6349
phage_T4	CHH	OT	1	14	1737	1959	5282	5265
phage_T4	CHH	OT	1	15	1810	1860	4482	7324
phage_T4	CHH	OT	1	16	1865	1965	6234	6459
phage_T4	CHH	OT	1	17	1987	2140	8082	7823
phage_T4	CHH	OT	1	18	2084	2100	9509	7002
phage_T4	CHH	OT	1	19	2158	2035	7033	5636
phage_T4	CHH	OT	1	2	815	1668	2359	4832
phage_T4	CHH	OT	1	20	2194	2318	8064	6886
phage_T4	CHH	OT	1	21	2288	2225	7829	7137
phage_T4	CHH	OT	1	22	2435	2337	8974	7406
phage_T4	CHH	OT	1	23	2406	2400	8134	5649
phage_T4	CHH	OT	1	24	2386	2393	8030	8266
phage_T4	CHH	OT	1	25	2558	2429	11100	7359
phage_T4	CHH	OT	1	26	2487	2738	10816	9418
phage_T4	CHH	OT	1	27	2531	2492	9832	6573
phage_T4	CHH	OT	1	28	2475	2598	8607	9324
phage_T4	CHH	OT	1	29	2482	2665	10139	8499
phage_T4	CHH	OT	1	3	1161	1142	1974	3751
phage_T4	CHH	OT	1	30	2589	2638	10596	9525
phage_T4	CHH	OT	1	31	2737	2564	10734	8122
phage_T4	CHH	OT	1	32	2477	2810	8197	9260
phage_T4	CHH	OT	1	33	2685	2633	11024	9230
phage_T4	CHH	OT	1	34	2728	2681	8929	11094
phage_T4	CHH	OT	1	35	2583	2788	9561	10271
phage_T4	CHH	OT	1	36	2610	2608	8434	8071
phage_T4	CHH	OT	1	37	2618	2644	8960	10219
phage_T4	CHH	OT	1	38	2489	2866	9622	10243
phage_T4	CHH	OT	1	39	2567	2619	9788	10331
phage_T4	CHH	OT	1	4	1323	1237	2963	2497
phage_T4	CHH	OT	1	40	2601	2595	9705	7842
phage_T4	CHH	OT	1	41	2537	2722	8539	11897
phage_T4	CHH	OT	1	42	2474	2596	9270	9118
phage_T4	CHH	OT	1	43	2531	2629	10354	10120
phage_T4	CHH	OT	1	44	2415	2693	9625	9801
phage_T4	CHH	OT	1	45	2334	2491	8210	9584
phage_T4	CHH	OT	1	46	2387	2375	9783	9162
phage_T4	CHH	OT	1	47	2288	2460	8221	9307
phage_T4	CHH	OT	1	48	2198	2280	9700	8209
phage_T4	CHH	OT	1	49	2075	2182	7080	6405
phage_T4	CHH	OT	1	5	1308	1320	3485	4006
phage_T4	CHH	OT	1	50	1986	2305	7062	7660
phage_T4	CHH	OT	1	51	2012	1972	8562	7273
phage_T4	CHH	OT	1	52	1888	2041	8048	8022
phage_T4	CHH	OT	1	53	1822	2052	7962	5454
phage_T4	CHH	OT	1	54	1741	1978	5816	6573
phage_T4	CHH	OT	1	55	1794	1831	7177	5175
phage_T4	CHH	OT	1	56	1653	1932	6954	6077
phage_T4	CHH	OT	1	57	1611	1651	5563	4808
phage_T4	CHH	OT	1	58	1586	1676	5614	5884
phage_T4	CHH	OT	1	59	1485	1570	6973	5558
phage_T4	CHH	OT	1	6	1305	1379	2373	3579
phage_T4	CHH	OT	1	60	1410	1498	6646	5786
phage_T4	CHH	OT	1	61	1495	1345	5669	5559
phage_T4	CHH	OT	1	62	1305	1490	3777	4845
phage_T4	CHH	OT	1	63	1279	1398	4769	4599
phage_T4	CHH	OT	1	64	1264	1265	4106	5481
phage_T4	CHH	OT	1	65	1160	1270	3131	4640
phage_T4	CHH	OT	1	66	1095	1235	3493	3600
phage_T4	CHH	OT	1	67	1101	1122	3371	5267
phage_T4	CHH	OT	1	68	1074	1162	3732	4788
phage_T4	CHH	OT	1	69	1022	1106	2354	4691
phage_T4	CHH	OT	1	7	1201	1491	2952	4425
phage_T4	CHH	OT	1	70	1006	995	2242	2729
phage_T4	CHH	OT	1	71	897	1046	2370	4248
phage_T4	CHH	OT	1	72	873	975	2016	3259
phage_T4	CHH	OT	1	73	865	925	2114	2404
phage_T4	CHH	OT	1	74	719	888	1975	2980
phage_T4	CHH	OT	1	75	629	728	1458	2516
phage_T4	CHH	OT	1	76	627	690	1490	2780
phage_T4	CHH	OT	1	8	1416	1697	3076	4379
phage_T4	CHH	OT	1	9	1491	1541	4305	5817
phage_T4	CHH	OT	2	1	1661	705	3896	1531
phage_T4	CHH	OT	2	10	1743	1815	5047	4348
phage_T4	CHH	OT	2	11	1883	1894	6015	7734
phage_T4	CHH	OT	2	12	1775	2262	4797	7926
phage_T4	CHH	OT	2	13	2045	2011	7103	10156
phage_T4	CHH	OT	2	14	2164	2090	8270	5462
phage_T4	CHH	OT	2	15	2078	2205	6155	8506
phage_T4	CHH	OT	2	16	2110	2304	7893	7574
phage_T4	CHH	OT	2	17	2320	2379	7922	7271
phage_T4	CHH	OT	2	18	2501	2593	10577	8430
phage_T4	CHH	OT	2	19	2455	2389	7690	8432
phage_T4	CHH	OT	2	2	1331	1517	4163	3901
phage_T4	CHH	OT	2	20	2603	2604	9949	7862
phage_T4	CHH	OT	2	21	2634	2629	10657	6905
phage_T4	CHH	OT	2	22	2685	2778	10272	9999
phage_T4	CHH	OT	2	23	2767	2585	10760	5706
phage_T4	CHH	OT	2	24	2601	3056	10102	8828
phage_T4	CHH	OT	2	25	2886	2762	11010	8942
phage_T4	CHH	OT	2	26	2843	2933	11621	11954
phage_T4	CHH	OT	2	27	2919	2851	13852	7273
phage_T4	CHH	OT	2	28	2858	2958	11044	9737
phage_T4	CHH	OT	2	29	2969	2968	11411	9297
phage_T4	CHH	OT	2	3	1357	1434	2361	5357
phage_T4	CHH	OT	2	30	2876	3034	9201	11094
phage_T4	CHH	OT	2	31	3039	2873	12896	8968
phage_T4	CHH	OT	2	32	2784	3034	8456	11809
phage_T4	CHH	OT	2	33	2930	3104	11081	10149
phage_T4	CHH	OT	2	34	2918	2937	10794	9379
phage_T4	CHH	OT	2	35	2857	2929	10902	11518
phage_T4	CHH	OT	2	36	2688	3033	8976	10320
phage_T4	CHH	OT	2	37	2780	2658	9148	9959
phage_T4	CHH	OT	2	38	2586	2753	8895	8876
phage_T4	CHH	OT	2	39	2474	2821	9357	13447
phage_T4	CHH	OT	2	4	1469	1491	3104	2857
phage_T4	CHH	OT	2	40	2567	2572	10902	6708
phage_T4	CHH	OT	2	41	2487	2438	8999	8808
phage_T4	CHH	OT	2	42	2250	2538	7686	9773
phage_T4	CHH	OT	2	43	2338	2353	7275	9638
phage_T4	CHH	OT	2	44	2206	2251	8892	7620
phage_T4	CHH	OT	2	45	1965	2347	6186	9588
phage_T4	CHH	OT	2	46	2021	2194	8155	8212
phage_T4	CHH	OT	2	47	2183	1933	8646	5949
phage_T4	CHH	OT	2	48	1778	2338	7424	8571
phage_T4	CHH	OT	2	49	1809	1824	6740	6208
phage_T4	CHH	OT	2	5	1580	1469	4679	3897
phage_T4	CHH	OT	2	50	1685	1830	5536	5791
phage_T4	CHH	OT	2	51	1571	1764	5858	5495
phage_T4	CHH	OT	2	52	1496	1726	6550	8077
phage_T4	CHH	OT	2	53	1571	1483	7779	3771
phage_T4	CHH	OT	2	54	1399	1714	5208	5149
phage_T4	CHH	OT	2	55	1418	1411	4548	5143
phage_T4	CHH	OT	2	56	1310	1436	4520	5466
phage_T4	CHH	OT	2	57	1285	1349	4812	3611
phage_T4	CHH	OT	2	58	1130	1267	3269	4393
phage_T4	CHH	OT	2	59	1179	1159	5074	4195
phage_T4	CHH	OT	2	6	1485	1692	2753	4839
phage_T4	CHH	OT	2	60	986	1282	5598	4117
phage_T4	CHH	OT	2	61	1025	1116	4817	4398
phage_T4	CHH	OT	2	62	1024	1035	2726	4397
phage_T4	CHH	OT	2	63	953	1038	2579	3492
phage_T4	CHH	OT	2	64	830	904	2899	2410
phage_T4	CHH	OT	2	65	760	865	1991	4111
phage_T4	CHH	OT	2	66	823	866	2220	2361
phage_T4	CHH	OT	2	67	748	734	2593	2706
phage_T4	CHH	OT	2	68	677	774	2634	4183
phage_T4	CHH	OT	2	69	662	825	1704	4834
phage_T4	CHH	OT	2	7	1533	1647	3611	6354
phage_T4	CHH	OT	2	70	644	752	1564	1830
phage_T4	CHH	OT	2	71	657	679	1404	1773
phage_T4	CHH	OT	2	72	601	690	1679	2747
phage_T4	CHH	OT	2	73	575	531	1377	1359
phage_T4	CHH	OT	2	74	455	543	1119	1485
phage_T4	CHH	OT	2	75	366	409	936	2101
phage_T4	CHH	OT	2	76	218	280	504	1423
phage_T4	CHH	OT	2	8	1668	1932	3982	4778
phage_T4	CHH	OT	2	9	1700	1933	6434	9181
phage_T4	CHG	OB	1	1	245	238	1819	1654
phage_T4	CHG	OB	1	10	189	207	2193	1787
phage_T4	CHG	OB	1	11	195	177	1266	1232
phage_T4	CHG	OB	1	12	207	176	1271	1146
phage_T4	CHG	OB	1	13	224	186	1329	1243
phage_T4	CHG	OB	1	14	207	183	1211	1054
phage_T4	CHG	OB	1	15	187	192	1011	989
phage_T4	CHG	OB	1	16	238	195	1151	974
phage_T4	CHG	OB	1	17	210	201	1073	954
phage_T4	CHG	OB	1	18	202	202	1111	986
phage_T4	CHG	OB	1	19	240	182	1128	946
phage_T4	CHG	OB	1	2	210	211	1253	1167
phage_T4	CHG	OB	1	20	189	192	959	773
phage_T4	CHG	OB	1	21	222	195	930	807
phage_T4	CHG	OB	1	22	232	182	921	771
phage_T4	CHG	OB	1	23	225	173	811	727
phage_T4	CHG	OB	1	24	218	185	764	677
phage_T4	CHG	OB	1	25	247	218	797	744
phage_T4	CHG	OB	1	26	239	190	704	788
phage_T4	CHG	OB	1	27	223	221	653	685
phage_T4	CHG	OB	1	28	243	205	698	589
phage_T4	CHG	OB	1	29	245	209	674	586
phage_T4	CHG	OB	1	3	209	227	1091	1202
phage_T4	CHG	OB	1	30	226	187	643	550
phage_T4	CHG	OB	1	31	243	222	602	581
phage_T4	CHG	OB	1	32	242	260	624	879
phage_T4	CHG	OB	1	33	225	210	615	619
phage_T4	CHG	OB	1	34	246	239	697	709
phage_T4	CHG	OB	1	35	214	225	629	712
phage_T4	CHG	OB	1	36	229	233	572	593
phage_T4	CHG	OB	1	37	245	227	573	688
phage_T4	CHG	OB	1	38	201	253	518	939
phage_T4	CHG	OB	1	39	193	185	472	586
phage_T4	CHG	OB	1	4	232	192	1349	1125
phage_T4	CHG	OB	1	40	219	222	516	556
phage_T4	CHG	OB	1	41	224	201	489	525
phage_T4	CHG	OB	1	42	204	215	466	661
phage_T4	CHG	OB	1	43	194	213	479	538
phage_T4	CHG	OB	1	44	188	186	481	834
phage_T4	CHG	OB	1	45	152	179	419	568
phage_T4	CHG	OB	1	46	182	174	546	601
phage_T4	CHG	OB	1	47	121	158	459	643
phage_T4	CHG	OB	1	48	153	185	504	757
phage_T4	CHG	OB	1	49	145	165	481	683
phage_T4	CHG	OB	1	5	165	160	1058	1071
phage_T4	CHG	OB	1	50	136	172	459	853
phage_T4	CHG	OB	1	51	133	172	462	637
phage_T4	CHG	OB	1	52	153	152	581	591
phage_T4	CHG	OB	1	53	108	144	482	636
phage_T4	CHG	OB	1	54	96	150	611	840
phage_T4	CHG	OB	1	55	100	147	1031	1120
phage_T4	CHG	OB	1	56	106	152	652	1149
phage_T4	CHG	OB	1	57	85	169	571	830
phage_T4	CHG	OB	1	58	87	129	602	624
phage_T4	CHG	OB	1	59	84	140	655	794
phage_T4	CHG	OB	1	6	182	174	1081	1001
phage_T4	CHG	OB	1	60	84	129	598	732
phage_T4	CHG	OB	1	61	88	142	672	870
phage_T4	CHG	OB	1	62	71	160	581	986
phage_T4	CHG	OB	1	63	73	139	607	805
phage_T4	CHG	OB	1	64	89	108	848	642
phage_T4	CHG	OB	1	65	81	97	606	635
phage_T4	CHG	OB	1	66	74	114	687	703
phage_T4	CHG	OB	1	67	66	115	791	837
phage_T4	CHG	OB	1	68	73	147	721	1030
phage_T4	CHG	OB	1	69	62	140	696	919
phage_T4	CHG	OB	1	7	198	200	1255	1163
phage_T4	CHG	OB	1	70	56	83	630	807
phage_T4	CHG	OB	1	71	64	89	684	624
phage_T4	CHG	OB	1	72	63	89	585	556
phage_T4	CHG	OB	1	73	67	82	533	454
phage_T4	CHG	OB	1	74	65	95	633	630
phage_T4	CHG	OB	1	75	44	110	333	777
phage_T4	CHG	OB	1	76	70	29	628	203
phage_T4	CHG	OB	1	8	187	182	1302	1205
phage_T4	CHG	OB	1	9	195	177	1515	1392
phage_T4	CHG	OB	2	1	187	209	975	1217
phage_T4	CHG	OB	2	10	165	174	1527	1283
phage_T4	CHG	OB	2	11	160	170	1269	1211
phage_T4	CHG	OB	2	12	173	153	1338	1099
phage_T4	CHG	OB	2	13	180	145	1257	1150
phage_T4	CHG	OB	2	14	192	167	1118	897
phage_T4	CHG	OB	2	15	173	155	967	890
phage_T4	CHG	OB	2	16	188	160	1026	877
phage_T4	CHG	OB	2	17	147	171	910	911
phage_T4	CHG	OB	2	18	172	189	923	929
phage_T4	CHG	OB	2	19	181	173	977	966
phage_T4	CHG	OB	2	2	210	178	1174	889
phage_T4	CHG	OB	2	20	160	180	1021	929
phage_T4	CHG	OB	2	21	205	183	951	938
phage_T4	CHG	OB	2	22	207	161	1048	866
phage_T4	CHG	OB	2	23	195	183	819	721
phage_T4	CHG	OB	2	24	196	172	759	698
phage_T4	CHG	OB	2	25	223	179	739	747
phage_T4	CHG	OB	2	26	214	170	700	622
phage_T4	CHG	OB	2	27	186	204	654	688
phage_T4	CHG	OB	2	28	216	195	651	778
phage_T4	CHG	OB	2	29	207	206	615	781
phage_T4	CHG	OB	2	3	162	212	938	1154
phage_T4	CHG	OB	2	30	225	188	640	662
phage_T4	CHG	OB	2	31	210	195	657	815
phage_T4	CHG	OB	2	32	232	202	746	720
phage_T4	CHG	OB	2	33	197	191	671	798
phage_T4	CHG	OB	2	34	217	201	742	1015
phage_T4	CHG	OB	2	35	205	217	686	963
phage_T4	CHG	OB	2	36	206	222	652	730
phage_T4	CHG	OB	2	37	246	166	672	757
phage_T4	CHG	OB	2	38	214	203	539	633
phage_T4	CHG	OB	2	39	214	207	568	678
phage_T4	CHG	OB	2	4	173	143	1032	857
phage_T4	CHG	OB	2	40	235	215	630	895
phage_T4	CHG	OB	2	41	236	216	620	846
phage_T4	CHG	OB	2	42	199	185	578	727
phage_T4	CHG	OB	2	43	239	224	640	752
phage_T4	CHG	OB	2	44	198	195	619	630
phage_T4	CHG	OB	2	45	187	192	563	631
phage_T4	CHG	OB	2	46	205	200	563	822
phage_T4	CHG	OB	2	47	164	193	552	744
phage_T4	CHG	OB	2	48	204	198	596	700
phage_T4	CHG	OB	2	49	172	177	544	635
phage_T4	CHG	OB	2	5	161	163	918	899
phage_T4	CHG	OB	2	50	173	175	520	592
phage_T4	CHG	OB	2	51	178	185	501	690
phage_T4	CHG	OB	2	52	185	193	596	910
phage_T4	CHG	OB	2	53	141	176	622	860
phage_T4	CHG	OB	2	54	153	197	706	923
phage_T4	CHG	OB	2	55	141	183	695	788
phage_T4	CHG	OB	2	56	133	187	642	780
phage_T4	CHG	OB	2	57	142	192	674	850
phage_T4	CHG	OB	2	58	122	185	699	989
phage_T4	CHG	OB	2	59	130	174	669	942
phage_T4	CHG	OB	2	6	155	171	934	921
phage_T4	CHG	OB	2	60	113	161	673	843
phage_T4	CHG	OB	2	61	93	183	725	870
phage_T4	CHG	OB	2	62	100	169	714	828
phage_T4	CHG	OB	2	63	107	142	723	933
phage_T4	CHG	OB	2	64	88	166	792	1119
phage_T4	CHG	OB	2	65	106	161	962	1215
phage_T4	CHG	OB	2	66	121	177	1008	1156
phage_T4	CHG	OB	2	67	112	139	1056	1013
phage_T4	CHG	OB	2	68	114	144	876	867
phage_T4	CHG	OB	2	69	113	137	866	881
phage_T4	CHG	OB	2	7	177	171	1074	966
phage_T4	CHG	OB	2	70	104	138	785	829
phage_T4	CHG	OB	2	71	89	136	686	747
phage_T4	CHG	OB	2	72	82	123	671	671
phage_T4	CHG	OB	2	73	89	118	591	624
phage_T4	CHG	OB	2	74	74	104	584	427
phage_T4	CHG	OB	2	75	75	44	465	223
phage_T4	CHG	OB	2	76	59	0	349	0
phage_T4	CHG	OB	2	8	144	139	1091	977
phage_T4	CHG	OB	2	9	166	161	1180	1136
phage_T4	CHG	OT	1	1	305	99	418	141
phage_T4	CHG	OT	1	10	201	176	250	202
phage_T4	CHG	OT	1	11	206	192	238	232
phage_T4	CHG	OT	1	12	227	159	250	178
phage_T4	CHG	OT	1	13	222	149	262	172
phage_T4	CHG	OT	1	14	244	210	277	241
phage_T4	CHG	OT	1	15	226	144	247	165
phage_T4	CHG	OT	1	16	225	175	265	191
phage_T4	CHG	OT	1	17	244	166	270	191
phage_T4	CHG	OT	1	18	222	182	251	213
phage_T4	CHG	OT	1	19	256	196	300	242
phage_T4	CHG	OT	1	2	124	283	183	450
phage_T4	CHG	OT	1	20	248	181	292	218
phage_T4	CHG	OT	1	21	272	178	302	213
phage_T4	CHG	OT	1	22	244	197	298	236
phage_T4	CHG	OT	1	23	281	222	350	289
phage_T4	CHG	OT	1	24	242	228	343	314
phage_T4	CHG	OT	1	25	296	193	400	264
phage_T4	CHG	OT	1	26	275	247	359	350
phage_T4	CHG	OT	1	27	269	245	371	352
phage_T4	CHG	OT	1	28	273	242	383	341
phage_T4	CHG	OT	1	29	302	251	449	371
phage_T4	CHG	OT	1	3	174	155	342	285
phage_T4	CHG	OT	1	30	293	282	474	455
phage_T4	CHG	OT	1	31	316	241	464	354
phage_T4	CHG	OT	1	32	320	248	448	385
phage_T4	CHG	OT	1	33	347	286	477	409
phage_T4	CHG	OT	1	34	323	293	437	626
phage_T4	CHG	OT	1	35	299	293	503	625
phage_T4	CHG	OT	1	36	283	255	471	441
phage_T4	CHG	OT	1	37	329	261	475	586
phage_T4	CHG	OT	1	38	286	276	443	565
phage_T4	CHG	OT	1	39	333	271	569	545
phage_T4	CHG	OT	1	4	224	188	310	303
phage_T4	CHG	OT	1	40	295	269	486	474
phage_T4	CHG	OT	1	41	277	293	456	628
phage_T4	CHG	OT	1	42	288	244	450	496
phage_T4	CHG	OT	1	43	273	265	449	698
phage_T4	CHG	OT	1	44	277	274	467	572
phage_T4	CHG	OT	1	45	280	260	480	614
phage_T4	CHG	OT	1	46	283	240	488	608
phage_T4	CHG	OT	1	47	249	261	477	782
phage_T4	CHG	OT	1	48	234	250	497	707
phage_T4	CHG	OT	1	49	265	248	532	531
phage_T4	CHG	OT	1	5	206	196	272	246
phage_T4	CHG	OT	1	50	242	250	470	679
phage_T4	CHG	OT	1	51	262	238	529	551
phage_T4	CHG	OT	1	52	235	239	502	725
phage_T4	CHG	OT	1	53	283	266	606	637
phage_T4	CHG	OT	1	54	233	216	480	615
phage_T4	CHG	OT	1	55	219	227	534	588
phage_T4	CHG	OT	1	56	233	228	519	805
phage_T4	CHG	OT	1	57	243	210	543	591
phage_T4	CHG	OT	1	58	205	228	508	647
phage_T4	CHG	OT	1	59	216	213	484	635
phage_T4	CHG	OT	1	6	159	155	186	180
phage_T4	CHG	OT	1	60	199	215	472	723
phage_T4	CHG	OT	1	61	209	207	522	688
phage_T4	CHG	OT	1	62	185	225	507	582
phage_T4	CHG	OT	1	63	177	192	489	593
phage_T4	CHG	OT	1	64	197	195	436	495
phage_T4	CHG	OT	1	65	183	197	439	558
phage_T4	CHG	OT	1	66	167	201	405	539
phage_T4	CHG	OT	1	67	198	192	441	572
phage_T4	CHG	OT	1	68	209	211	511	690
phage_T4	CHG	OT	1	69	168	180	558	1027
phage_T4	CHG	OT	1	7	177	193	219	224
phage_T4	CHG	OT	1	70	169	181	948	1114
phage_T4	CHG	OT	1	71	192	196	983	1497
phage_T4	CHG	OT	1	72	180	173	482	784
phage_T4	CHG	OT	1	73	162	169	804	2230
phage_T4	CHG	OT	1	74	143	204	383	1489
phage_T4	CHG	OT	1	75	175	214	499	906
phage_T4	CHG	OT	1	76	146	222	526	1648
phage_T4	CHG	OT	1	8	203	190	235	228
phage_T4	CHG	OT	1	9	188	174	220	190
phage_T4	CHG	OT	2	1	303	98	410	135
phage_T4	CHG	OT	2	10	211	189	243	216
phage_T4	CHG	OT	2	11	276	207	314	230
phage_T4	CHG	OT	2	12	244	201	276	231
phage_T4	CHG	OT	2	13	241	182	267	201
phage_T4	CHG	OT	2	14	290	195	331	214
phage_T4	CHG	OT	2	15	284	192	315	223
phage_T4	CHG	OT	2	16	243	198	272	230
phage_T4	CHG	OT	2	17	290	180	324	209
phage_T4	CHG	OT	2	18	285	209	311	258
phage_T4	CHG	OT	2	19	284	218	347	282
phage_T4	CHG	OT	2	2	214	262	309	377
phage_T4	CHG	OT	2	20	300	230	382	290
phage_T4	CHG	OT	2	21	318	201	380	273
phage_T4	CHG	OT	2	22	296	226	377	304
phage_T4	CHG	OT	2	23	342	257	436	336
phage_T4	CHG	OT	2	24	289	252	405	359
phage_T4	CHG	OT	2	25	332	237	470	340
phage_T4	CHG	OT	2	26	304	236	397	334
phage_T4	CHG	OT	2	27	292	290	416	412
phage_T4	CHG	OT	2	28	335	293	491	437
phage_T4	CHG	OT	2	29	311	289	491	409
phage_T4	CHG	OT	2	3	213	224	398	371
phage_T4	CHG	OT	2	30	365	339	706	654
phage_T4	CHG	OT	2	31	377	284	573	443
phage_T4	CHG	OT	2	32	369	306	548	477
phage_T4	CHG	OT	2	33	389	315	553	484
phage_T4	CHG	OT	2	34	348	323	504	625
phage_T4	CHG	OT	2	35	376	340	623	722
phage_T4	CHG	OT	2	36	309	310	512	516
phage_T4	CHG	OT	2	37	353	275	547	576
phage_T4	CHG	OT	2	38	288	252	489	571
phage_T4	CHG	OT	2	39	333	289	566	690
phage_T4	CHG	OT	2	4	249	198	331	317
phage_T4	CHG	OT	2	40	278	243	472	434
phage_T4	CHG	OT	2	41	264	317	493	808
phage_T4	CHG	OT	2	42	263	243	447	501
phage_T4	CHG	OT	2	43	256	259	448	704
phage_T4	CHG	OT	2	44	246	234	465	638
phage_T4	CHG	OT	2	45	227	260	438	873
phage_T4	CHG	OT	2	46	247	181	457	459
phage_T4	CHG	OT	2	47	222	229	473	531
phage_T4	CHG	OT	2	48	200	234	486	734
phage_T4	CHG	OT	2	49	226	207	495	481
phage_T4	CHG	OT	2	5	235	226	324	281
phage_T4	CHG	OT	2	50	205	198	411	521
phage_T4	CHG	OT	2	51	219	221	455	602
phage_T4	CHG	OT	2	52	200	199	524	687
phage_T4	CHG	OT	2	53	207	190	580	488
phage_T4	CHG	OT	2	54	184	180	423	701
phage_T4	CHG	OT	2	55	180	187	453	521
phage_T4	CHG	OT	2	56	186	183	428	691
phage_T4	CHG	OT	2	57	156	187	403	810
phage_T4	CHG	OT	2	58	150	172	427	599
phage_T4	CHG	OT	2	59	171	155	485	416
phage_T4	CHG	OT	2	6	177	219	204	262
phage_T4	CHG	OT	2	60	138	164	345	504
phage_T4	CHG	OT	2	61	153	186	432	585
phage_T4	CHG	OT	2	62	127	158	344	390
phage_T4	CHG	OT	2	63	132	168	315	421
phage_T4	CHG	OT	2	64	136	169	313	501
phage_T4	CHG	OT	2	65	141	133	362	514
phage_T4	CHG	OT	2	66	136	138	374	396
phage_T4	CHG	OT	2	67	128	154	410	600
phage_T4	CHG	OT	2	68	137	133	479	494
phage_T4	CHG	OT	2	69	101	148	462	671
phage_T4	CHG	OT	2	7	212	226	256	253
phage_T4	CHG	OT	2	70	111	137	580	981
phage_T4	CHG	OT	2	71	163	139	950	1497
phage_T4	CHG	OT	2	72	118	127	585	499
phage_T4	CHG	OT	2	73	103	127	325	419
phage_T4	CHG	OT	2	74	114	143	396	1328
phage_T4	CHG	OT	2	75	106	121	338	468
phage_T4	CHG	OT	2	76	45	109	111	348
phage_T4	CHG	OT	2	8	238	216	277	243
phage_T4	CHG	OT	2	9	210	207	242	235
phage_T4	CpG	OB	1	1	173	220	587	608
phage_T4	CpG	OB	1	10	118	151	148	175
phage_T4	CpG	OB	1	11	83	146	113	167
phage_T4	CpG	OB	1	12	94	178	126	223
phage_T4	CpG	OB	1	13	144	177	179	265
phage_T4	CpG	OB	1	14	98	150	116	190
phage_T4	CpG	OB	1	15	106	175	138	241
phage_T4	CpG	OB	1	16	98	179	130	222
phage_T4	CpG	OB	1	17	116	163	136	206
phage_T4	CpG	OB	1	18	100	209	135	276
phage_T4	CpG	OB	1	19	136	203	173	253
phage_T4	CpG	OB	1	2	131	140	325	383
phage_T4	CpG	OB	1	20	90	176	127	234
phage_T4	CpG	OB	1	21	108	226	166	340
phage_T4	CpG	OB	1	22	127	222	222	368
phage_T4	CpG	OB	1	23	109	184	247	319
phage_T4	CpG	OB	1	24	131	214	194	327
phage_T4	CpG	OB	1	25	133	263	220	442
phage_T4	CpG	OB	1	26	106	199	164	292
phage_T4	CpG	OB	1	27	111	230	190	392
phage_T4	CpG	OB	1	28	119	221	225	365
phage_T4	CpG	OB	1	29	107	218	215	338
phage_T4	CpG	OB	1	3	102	187	169	314
phage_T4	CpG	OB	1	30	120	251	244	434
phage_T4	CpG	OB	1	31	139	253	288	451
phage_T4	CpG	OB	1	32	132	189	254	387
phage_T4	CpG	OB	1	33	111	236	288	483
phage_T4	CpG	OB	1	34	161	250	442	573
phage_T4	CpG	OB	1	35	130	189	456	640
phage_T4	CpG	OB	1	36	128	247	478	685
phage_T4	CpG	OB	1	37	125	208	447	722
phage_T4	CpG	OB	1	38	123	163	432	526
phage_T4	CpG	OB	1	39	107	219	427	668
phage_T4	CpG	OB	1	4	139	172	355	374
phage_T4	CpG	OB	1	40	148	187	577	644
phage_T4	CpG	OB	1	41	100	161	510	657
phage_T4	CpG	OB	1	42	103	203	647	785
phage_T4	CpG	OB	1	43	115	164	1081	1120
phage_T4	CpG	OB	1	44	90	164	609	762
phage_T4	CpG	OB	1	45	104	214	568	857
phage_T4	CpG	OB	1	46	103	169	597	770
phage_T4	CpG	OB	1	47	103	161	623	848
phage_T4	CpG	OB	1	48	95	214	573	853
phage_T4	CpG	OB	1	49	93	177	603	936
phage_T4	CpG	OB	1	5	98	166	185	264
phage_T4	CpG	OB	1	50	85	131	511	656
phage_T4	CpG	OB	1	51	91	160	548	803
phage_T4	CpG	OB	1	52	104	124	721	685
phage_T4	CpG	OB	1	53	74	129	523	665
phage_T4	CpG	OB	1	54	62	176	551	745
phage_T4	CpG	OB	1	55	100	137	647	742
phage_T4	CpG	OB	1	56	76	119	558	630
phage_T4	CpG	OB	1	57	90	182	480	687
phage_T4	CpG	OB	1	58	108	104	467	486
phage_T4	CpG	OB	1	59	78	102	387	533
phage_T4	CpG	OB	1	6	125	190	257	342
phage_T4	CpG	OB	1	60	75	157	427	570
phage_T4	CpG	OB	1	61	87	136	415	603
phage_T4	CpG	OB	1	62	62	89	309	398
phage_T4	CpG	OB	1	63	71	158	326	551
phage_T4	CpG	OB	1	64	73	100	387	433
phage_T4	CpG	OB	1	65	77	97	508	505
phage_T4	CpG	OB	1	66	75	133	608	668
phage_T4	CpG	OB	1	67	117	122	627	856
phage_T4	CpG	OB	1	68	73	89	546	634
phage_T4	CpG	OB	1	69	63	119	582	646
phage_T4	CpG	OB	1	7	147	189	213	256
phage_T4	CpG	OB	1	70	73	88	402	510
phage_T4	CpG	OB	1	71	88	75	735	597
phage_T4	CpG	OB	1	72	87	102	551	568
phage_T4	CpG	OB	1	73	89	97	511	594
phage_T4	CpG	OB	1	74	62	50	349	343
phage_T4	CpG	OB	1	75	42	120	258	607
phage_T4	CpG	OB	1	76	76	26	650	256
phage_T4	CpG	OB	1	8	90	120	110	156
phage_T4	CpG	OB	1	9	93	177	114	232
phage_T4	CpG	OB	2	1	133	174	441	506
phage_T4	CpG	OB	2	10	83	133	107	146
phage_T4	CpG	OB	2	11	91	131	109	155
phage_T4	CpG	OB	2	12	87	152	113	190
phage_T4	CpG	OB	2	13	108	148	130	207
phage_T4	CpG	OB	2	14	88	132	103	156
phage_T4	CpG	OB	2	15	100	187	137	285
phage_T4	CpG	OB	2	16	72	155	93	194
phage_T4	CpG	OB	2	17	99	148	115	183
phage_T4	CpG	OB	2	18	96	190	120	258
phage_T4	CpG	OB	2	19	99	180	124	216
phage_T4	CpG	OB	2	2	103	121	279	303
phage_T4	CpG	OB	2	20	88	150	104	192
phage_T4	CpG	OB	2	21	95	207	125	324
phage_T4	CpG	OB	2	22	89	188	191	316
phage_T4	CpG	OB	2	23	98	166	193	281
phage_T4	CpG	OB	2	24	115	192	170	274
phage_T4	CpG	OB	2	25	112	205	163	325
phage_T4	CpG	OB	2	26	118	176	168	243
phage_T4	CpG	OB	2	27	123	226	176	381
phage_T4	CpG	OB	2	28	98	191	164	308
phage_T4	CpG	OB	2	29	103	187	169	293
phage_T4	CpG	OB	2	3	92	148	165	271
phage_T4	CpG	OB	2	30	123	221	211	374
phage_T4	CpG	OB	2	31	120	232	240	365
phage_T4	CpG	OB	2	32	129	180	248	349
phage_T4	CpG	OB	2	33	111	224	245	454
phage_T4	CpG	OB	2	34	128	210	360	483
phage_T4	CpG	OB	2	35	134	181	402	541
phage_T4	CpG	OB	2	36	125	242	397	549
phage_T4	CpG	OB	2	37	113	214	368	552
phage_T4	CpG	OB	2	38	132	178	407	488
phage_T4	CpG	OB	2	39	135	242	455	664
phage_T4	CpG	OB	2	4	87	130	249	317
phage_T4	CpG	OB	2	40	119	213	487	633
phage_T4	CpG	OB	2	41	110	191	517	719
phage_T4	CpG	OB	2	42	136	245	627	839
phage_T4	CpG	OB	2	43	110	208	611	745
phage_T4	CpG	OB	2	44	114	192	617	678
phage_T4	CpG	OB	2	45	127	223	633	866
phage_T4	CpG	OB	2	46	100	179	638	768
phage_T4	CpG	OB	2	47	119	182	626	734
phage_T4	CpG	OB	2	48	106	221	585	779
phage_T4	CpG	OB	2	49	100	185	607	776
phage_T4	CpG	OB	2	5	98	149	159	244
phage_T4	CpG	OB	2	50	124	146	626	699
phage_T4	CpG	OB	2	51	98	189	622	918
phage_T4	CpG	OB	2	52	105	161	705	844
phage_T4	CpG	OB	2	53	121	151	828	906
phage_T4	CpG	OB	2	54	128	169	793	935
phage_T4	CpG	OB	2	55	87	177	785	805
phage_T4	CpG	OB	2	56	93	140	548	609
phage_T4	CpG	OB	2	57	115	225	564	715
phage_T4	CpG	OB	2	58	108	139	512	555
phage_T4	CpG	OB	2	59	91	151	439	568
phage_T4	CpG	OB	2	6	117	148	215	278
phage_T4	CpG	OB	2	60	100	177	465	570
phage_T4	CpG	OB	2	61	94	161	476	550
phage_T4	CpG	OB	2	62	82	134	444	526
phage_T4	CpG	OB	2	63	101	158	502	674
phage_T4	CpG	OB	2	64	99	158	635	689
phage_T4	CpG	OB	2	65	99	126	716	792
phage_T4	CpG	OB	2	66	103	176	772	916
phage_T4	CpG	OB	2	67	104	133	700	795
phage_T4	CpG	OB	2	68	87	112	613	656
phage_T4	CpG	OB	2	69	95	143	640	775
phage_T4	CpG	OB	2	7	109	156	150	237
phage_T4	CpG	OB	2	70	115	134	636	689
phage_T4	CpG	OB	2	71	95	116	537	602
phage_T4	CpG	OB	2	72	85	110	556	536
phage_T4	CpG	OB	2	73	101	104	600	580
phage_T4	CpG	OB	2	74	92	83	556	406
phage_T4	CpG	OB	2	75	91	52	452	341
phage_T4	CpG	OB	2	76	98	0	421	0
phage_T4	CpG	OB	2	8	71	103	86	134
phage_T4	CpG	OB	2	9	90	138	108	195
phage_T4	CpG	OT	1	1	206	109	545	176
phage_T4	CpG	OT	1	10	122	254	168	1434
phage_T4	CpG	OT	1	11	141	239	223	1823
phage_T4	CpG	OT	1	12	125	241	193	897
phage_T4	CpG	OT	1	13	108	251	179	2001
phage_T4	CpG	OT	1	14	122	214	173	1326
phage_T4	CpG	OT	1	15	112	271	222	3678
phage_T4	CpG	OT	1	16	131	252	216	1714
phage_T4	CpG	OT	1	17	108	261	161	1537
phage_T4	CpG	OT	1	18	116	267	179	1449
phage_T4	CpG	OT	1	19	129	277	201	2703
phage_T4	CpG	OT	1	2	122	295	446	460
phage_T4	CpG	OT	1	20	112	275	214	2147
phage_T4	CpG	OT	1	21	123	276	142	730
phage_T4	CpG	OT	1	22	109	289	144	1681
phage_T4	CpG	OT	1	23	133	288	159	1116
phage_T4	CpG	OT	1	24	127	308	199	1529
phage_T4	CpG	OT	1	25	151	276	224	785
phage_T4	CpG	OT	1	26	153	321	198	1366
phage_T4	CpG	OT	1	27	137	322	215	1105
phage_T4	CpG	OT	1	28	151	354	250	2421
phage_T4	CpG	OT	1	29	120	329	188	1428
phage_T4	CpG	OT	1	3	148	179	237	238
phage_T4	CpG	OT	1	30	167	346	225	1507
phage_T4	CpG	OT	1	31	142	357	213	1169
phage_T4	CpG	OT	1	32	150	350	204	2221
phage_T4	CpG	OT	1	33	153	311	184	1793
phage_T4	CpG	OT	1	34	148	376	176	873
phage_T4	CpG	OT	1	35	146	323	179	1386
phage_T4	CpG	OT	1	36	155	316	184	1103
phage_T4	CpG	OT	1	37	165	328	249	1439
phage_T4	CpG	OT	1	38	188	298	302	997
phage_T4	CpG	OT	1	39	151	298	219	1301
phage_T4	CpG	OT	1	4	143	234	213	332
phage_T4	CpG	OT	1	40	157	331	273	1064
phage_T4	CpG	OT	1	41	142	360	238	2364
phage_T4	CpG	OT	1	42	139	346	230	2004
phage_T4	CpG	OT	1	43	148	322	233	1723
phage_T4	CpG	OT	1	44	144	299	235	1310
phage_T4	CpG	OT	1	45	150	276	247	2706
phage_T4	CpG	OT	1	46	150	313	297	1898
phage_T4	CpG	OT	1	47	139	280	246	991
phage_T4	CpG	OT	1	48	116	280	312	1875
phage_T4	CpG	OT	1	49	135	277	386	1570
phage_T4	CpG	OT	1	5	123	206	203	340
phage_T4	CpG	OT	1	50	135	290	432	1904
phage_T4	CpG	OT	1	51	134	232	272	394
phage_T4	CpG	OT	1	52	131	280	230	494
phage_T4	CpG	OT	1	53	119	227	270	317
phage_T4	CpG	OT	1	54	110	234	200	350
phage_T4	CpG	OT	1	55	120	227	259	349
phage_T4	CpG	OT	1	56	113	208	196	348
phage_T4	CpG	OT	1	57	102	181	188	258
phage_T4	CpG	OT	1	58	137	194	261	308
phage_T4	CpG	OT	1	59	113	190	277	376
phage_T4	CpG	OT	1	6	138	248	197	1195
phage_T4	CpG	OT	1	60	109	171	238	299
phage_T4	CpG	OT	1	61	97	156	240	251
phage_T4	CpG	OT	1	62	110	161	205	278
phage_T4	CpG	OT	1	63	98	157	212	300
phage_T4	CpG	OT	1	64	110	128	221	218
phage_T4	CpG	OT	1	65	96	183	162	284
phage_T4	CpG	OT	1	66	100	166	193	270
phage_T4	CpG	OT	1	67	100	168	202	288
phage_T4	CpG	OT	1	68	83	122	204	224
phage_T4	CpG	OT	1	69	111	167	293	285
phage_T4	CpG	OT	1	7	96	223	179	1605
phage_T4	CpG	OT	1	70	109	128	288	233
phage_T4	CpG	OT	1	71	123	122	423	289
phage_T4	CpG	OT	1	72	98	145	769	421
phage_T4	CpG	OT	1	73	83	117	646	832
phage_T4	CpG	OT	1	74	119	138	1086	853
phage_T4	CpG	OT	1	75	104	125	454	260
phage_T4	CpG	OT	1	76	151	157	1854	790
phage_T4	CpG	OT	1	8	118	265	161	812
phage_T4	CpG	OT	1	9	120	260	181	1831
phage_T4	CpG	OT	2	1	188	116	410	200
phage_T4	CpG	OT	2	10	152	290	204	1925
phage_T4	CpG	OT	2	11	146	292	269	3490
phage_T4	CpG	OT	2	12	161	260	235	712
phage_T4	CpG	OT	2	13	126	308	235	3528
phage_T4	CpG	OT	2	14	140	236	177	1107
phage_T4	CpG	OT	2	15	130	327	214	3128
phage_T4	CpG	OT	2	16	153	286	275	2424
phage_T4	CpG	OT	2	17	117	330	202	3248
phage_T4	CpG	OT	2	18	123	288	183	1069
phage_T4	CpG	OT	2	19	130	295	183	1371
phage_T4	CpG	OT	2	2	177	272	586	403
phage_T4	CpG	OT	2	20	155	337	265	2850
phage_T4	CpG	OT	2	21	125	316	149	635
phage_T4	CpG	OT	2	22	134	285	167	989
phage_T4	CpG	OT	2	23	133	330	180	1626
phage_T4	CpG	OT	2	24	146	388	211	2400
phage_T4	CpG	OT	2	25	154	341	212	731
phage_T4	CpG	OT	2	26	162	369	235	2181
phage_T4	CpG	OT	2	27	144	337	192	862
phage_T4	CpG	OT	2	28	152	363	221	1985
phage_T4	CpG	OT	2	29	162	368	238	2173
phage_T4	CpG	OT	2	3	162	217	320	302
phage_T4	CpG	OT	2	30	186	425	253	2139
phage_T4	CpG	OT	2	31	178	380	384	920
phage_T4	CpG	OT	2	32	172	379	219	857
phage_T4	CpG	OT	2	33	171	403	224	2005
phage_T4	CpG	OT	2	34	161	368	197	636
phage_T4	CpG	OT	2	35	154	336	205	802
phage_T4	CpG	OT	2	36	161	374	196	1347
phage_T4	CpG	OT	2	37	142	403	276	1971
phage_T4	CpG	OT	2	38	171	298	278	763
phage_T4	CpG	OT	2	39	156	335	257	1772
phage_T4	CpG	OT	2	4	160	242	197	364
phage_T4	CpG	OT	2	40	151	304	267	932
phage_T4	CpG	OT	2	41	147	310	250	1554
phage_T4	CpG	OT	2	42	162	336	293	2039
phage_T4	CpG	OT	2	43	130	292	227	2284
phage_T4	CpG	OT	2	44	124	276	263	778
phage_T4	CpG	OT	2	45	119	240	190	640
phage_T4	CpG	OT	2	46	107	301	269	2016
phage_T4	CpG	OT	2	47	107	216	279	618
phage_T4	CpG	OT	2	48	122	247	424	777
phage_T4	CpG	OT	2	49	123	214	308	1603
phage_T4	CpG	OT	2	5	144	217	343	475
phage_T4	CpG	OT	2	50	104	283	248	2059
phage_T4	CpG	OT	2	51	99	181	319	351
phage_T4	CpG	OT	2	52	121	276	209	596
phage_T4	CpG	OT	2	53	106	174	232	258
phage_T4	CpG	OT	2	54	93	171	183	281
phage_T4	CpG	OT	2	55	107	179	248	313
phage_T4	CpG	OT	2	56	85	160	180	351
phage_T4	CpG	OT	2	57	96	145	251	254
phage_T4	CpG	OT	2	58	104	142	178	277
phage_T4	CpG	OT	2	59	111	141	213	308
phage_T4	CpG	OT	2	6	179	252	232	1154
phage_T4	CpG	OT	2	60	91	143	237	293
phage_T4	CpG	OT	2	61	95	109	216	246
phage_T4	CpG	OT	2	62	95	115	159	213
phage_T4	CpG	OT	2	63	83	143	177	231
phage_T4	CpG	OT	2	64	73	95	186	201
phage_T4	CpG	OT	2	65	79	139	151	241
phage_T4	CpG	OT	2	66	79	126	148	197
phage_T4	CpG	OT	2	67	69	102	210	195
phage_T4	CpG	OT	2	68	79	104	252	205
phage_T4	CpG	OT	2	69	61	115	169	252
phage_T4	CpG	OT	2	7	125	278	195	2184
phage_T4	CpG	OT	2	70	81	98	411	263
phage_T4	CpG	OT	2	71	70	116	297	359
phage_T4	CpG	OT	2	72	68	118	376	443
phage_T4	CpG	OT	2	73	84	75	644	492
phage_T4	CpG	OT	2	74	72	90	1060	908
phage_T4	CpG	OT	2	75	74	72	250	409
phage_T4	CpG	OT	2	76	60	71	167	168
phage_T4	CpG	OT	2	8	154	252	191	599
phage_T4	CpG	OT	2	9	153	275	260	1355
phage_Xp12	CHH	OB	1	1	198	303	595	716
phage_Xp12	CHH	OB	1	10	352	426	1425	1339
phage_Xp12	CHH	OB	1	11	350	478	1402	1584
phage_Xp12	CHH	OB	1	12	369	468	1481	1417
phage_Xp12	CHH	OB	1	13	375	499	1251	1455
phage_Xp12	CHH	OB	1	14	409	506	1376	1401
phage_Xp12	CHH	OB	1	15	416	485	1243	1467
phage_Xp12	CHH	OB	1	16	406	541	1248	1413
phage_Xp12	CHH	OB	1	17	456	569	1246	1392
phage_Xp12	CHH	OB	1	18	479	606	1385	1420
phage_Xp12	CHH	OB	1	19	540	583	1576	1593
phage_Xp12	CHH	OB	1	2	225	265	748	707
phage_Xp12	CHH	OB	1	20	489	572	1734	1704
phage_Xp12	CHH	OB	1	21	515	611	1697	1933
phage_Xp12	CHH	OB	1	22	514	606	1790	1791
phage_Xp12	CHH	OB	1	23	473	661	1711	2006
phage_Xp12	CHH	OB	1	24	520	628	1835	1879
phage_Xp12	CHH	OB	1	25	558	631	1909	2115
phage_Xp12	CHH	OB	1	26	541	665	1939	1971
phage_Xp12	CHH	OB	1	27	519	702	1771	2122
phage_Xp12	CHH	OB	1	28	585	660	2103	2138
phage_Xp12	CHH	OB	1	29	541	690	2089	2316
phage_Xp12	CHH	OB	1	3	255	371	704	898
phage_Xp12	CHH	OB	1	30	554	672	2169	2344
phage_Xp12	CHH	OB	1	31	578	689	2130	2258
phage_Xp12	CHH	OB	1	32	606	659	2052	2114
phage_Xp12	CHH	OB	1	33	553	680	1946	2230
phage_Xp12	CHH	OB	1	34	555	729	2155	2291
phage_Xp12	CHH	OB	1	35	569	665	2146	2427
phage_Xp12	CHH	OB	1	36	563	676	2284	2386
phage_Xp12	CHH	OB	1	37	490	691	2036	2334
phage_Xp12	CHH	OB	1	38	552	619	2176	2087
phage_Xp12	CHH	OB	1	39	519	638	2059	2377
phage_Xp12	CHH	OB	1	4	318	332	1055	1001
phage_Xp12	CHH	OB	1	40	539	594	2176	2135
phage_Xp12	CHH	OB	1	41	531	613	2549	2634
phage_Xp12	CHH	OB	1	42	514	539	1941	1956
phage_Xp12	CHH	OB	1	43	478	538	1670	1960
phage_Xp12	CHH	OB	1	44	465	567	2514	2349
phage_Xp12	CHH	OB	1	45	479	570	2367	2648
phage_Xp12	CHH	OB	1	46	480	498	1646	1667
phage_Xp12	CHH	OB	1	47	432	534	2110	2313
phage_Xp12	CHH	OB	1	48	413	513	1577	1641
phage_Xp12	CHH	OB	1	49	384	451	1408	1586
phage_Xp12	CHH	OB	1	5	267	368	1089	1179
phage_Xp12	CHH	OB	1	50	389	443	2001	2002
phage_Xp12	CHH	OB	1	51	329	417	1768	2007
phage_Xp12	CHH	OB	1	52	373	348	1208	1115
phage_Xp12	CHH	OB	1	53	353	402	1048	1287
phage_Xp12	CHH	OB	1	54	315	357	1225	1169
phage_Xp12	CHH	OB	1	55	326	350	1116	1267
phage_Xp12	CHH	OB	1	56	320	305	1128	1070
phage_Xp12	CHH	OB	1	57	253	305	871	1052
phage_Xp12	CHH	OB	1	58	251	252	939	900
phage_Xp12	CHH	OB	1	59	229	277	1567	1613
phage_Xp12	CHH	OB	1	6	322	373	1179	1137
phage_Xp12	CHH	OB	1	60	220	287	1503	1597
phage_Xp12	CHH	OB	1	61	225	285	796	965
phage_Xp12	CHH	OB	1	62	228	282	1472	1462
phage_Xp12	CHH	OB	1	63	202	282	655	842
phage_Xp12	CHH	OB	1	64	197	236	672	702
phage_Xp12	CHH	OB	1	65	223	249	1264	1366
phage_Xp12	CHH	OB	1	66	167	229	538	631
phage_Xp12	CHH	OB	1	67	153	206	551	647
phage_Xp12	CHH	OB	1	68	190	216	1294	1225
phage_Xp12	CHH	OB	1	69	157	229	1083	1353
phage_Xp12	CHH	OB	1	7	324	409	1158	1241
phage_Xp12	CHH	OB	1	70	150	184	416	485
phage_Xp12	CHH	OB	1	71	181	172	425	391
phage_Xp12	CHH	OB	1	72	149	142	360	319
phage_Xp12	CHH	OB	1	73	141	131	372	370
phage_Xp12	CHH	OB	1	74	118	121	1239	876
phage_Xp12	CHH	OB	1	75	87	169	731	1352
phage_Xp12	CHH	OB	1	76	156	57	1323	559
phage_Xp12	CHH	OB	1	8	314	424	1254	1295
phage_Xp12	CHH	OB	1	9	342	396	1111	1209
phage_Xp12	CHH	OB	2	1	149	239	284	421
phage_Xp12	CHH	OB	2	10	291	362	888	892
phage_Xp12	CHH	OB	2	11	302	423	1923	2007
phage_Xp12	CHH	OB	2	12	309	381	909	950
phage_Xp12	CHH	OB	2	13	332	433	755	955
phage_Xp12	CHH	OB	2	14	349	458	2222	1965
phage_Xp12	CHH	OB	2	15	351	445	2138	2285
phage_Xp12	CHH	OB	2	16	363	485	1003	1113
phage_Xp12	CHH	OB	2	17	372	484	797	955
phage_Xp12	CHH	OB	2	18	388	528	904	1000
phage_Xp12	CHH	OB	2	19	445	543	970	1172
phage_Xp12	CHH	OB	2	2	183	227	401	390
phage_Xp12	CHH	OB	2	20	435	529	1043	1049
phage_Xp12	CHH	OB	2	21	470	530	1034	1149
phage_Xp12	CHH	OB	2	22	434	567	1156	1206
phage_Xp12	CHH	OB	2	23	439	606	2337	2486
phage_Xp12	CHH	OB	2	24	468	593	2603	2539
phage_Xp12	CHH	OB	2	25	470	614	1995	2207
phage_Xp12	CHH	OB	2	26	457	610	2604	2536
phage_Xp12	CHH	OB	2	27	494	595	1360	1509
phage_Xp12	CHH	OB	2	28	522	585	2078	2104
phage_Xp12	CHH	OB	2	29	482	636	3421	3430
phage_Xp12	CHH	OB	2	3	206	335	432	631
phage_Xp12	CHH	OB	2	30	519	601	1750	1762
phage_Xp12	CHH	OB	2	31	541	641	2180	2362
phage_Xp12	CHH	OB	2	32	527	613	3090	2741
phage_Xp12	CHH	OB	2	33	484	652	2760	3057
phage_Xp12	CHH	OB	2	34	540	652	2546	2478
phage_Xp12	CHH	OB	2	35	498	649	2400	2530
phage_Xp12	CHH	OB	2	36	540	590	1809	1812
phage_Xp12	CHH	OB	2	37	523	620	1717	1927
phage_Xp12	CHH	OB	2	38	556	632	3258	2921
phage_Xp12	CHH	OB	2	39	494	652	3083	3406
phage_Xp12	CHH	OB	2	4	291	257	639	539
phage_Xp12	CHH	OB	2	40	558	624	3371	3258
phage_Xp12	CHH	OB	2	41	528	613	1949	2101
phage_Xp12	CHH	OB	2	42	544	597	1844	1902
phage_Xp12	CHH	OB	2	43	525	615	2499	2650
phage_Xp12	CHH	OB	2	44	497	595	2745	2652
phage_Xp12	CHH	OB	2	45	498	592	1799	2089
phage_Xp12	CHH	OB	2	46	533	568	2507	2425
phage_Xp12	CHH	OB	2	47	470	582	1811	2020
phage_Xp12	CHH	OB	2	48	448	606	1644	1787
phage_Xp12	CHH	OB	2	49	451	507	2228	2381
phage_Xp12	CHH	OB	2	5	218	332	1789	1712
phage_Xp12	CHH	OB	2	50	423	514	1563	1740
phage_Xp12	CHH	OB	2	51	402	491	1337	1490
phage_Xp12	CHH	OB	2	52	419	453	2084	2021
phage_Xp12	CHH	OB	2	53	392	467	2111	2258
phage_Xp12	CHH	OB	2	54	382	415	1428	1410
phage_Xp12	CHH	OB	2	55	384	411	1280	1422
phage_Xp12	CHH	OB	2	56	379	381	1289	1331
phage_Xp12	CHH	OB	2	57	372	396	1296	1359
phage_Xp12	CHH	OB	2	58	321	368	2077	1968
phage_Xp12	CHH	OB	2	59	331	369	2168	2230
phage_Xp12	CHH	OB	2	6	253	327	708	770
phage_Xp12	CHH	OB	2	60	304	368	2125	2054
phage_Xp12	CHH	OB	2	61	280	345	1224	1482
phage_Xp12	CHH	OB	2	62	272	329	1189	1191
phage_Xp12	CHH	OB	2	63	275	346	1043	1227
phage_Xp12	CHH	OB	2	64	249	311	1055	1150
phage_Xp12	CHH	OB	2	65	258	306	1002	1215
phage_Xp12	CHH	OB	2	66	274	280	1031	1067
phage_Xp12	CHH	OB	2	67	229	311	957	1109
phage_Xp12	CHH	OB	2	68	223	276	912	991
phage_Xp12	CHH	OB	2	69	196	275	760	935
phage_Xp12	CHH	OB	2	7	266	376	643	746
phage_Xp12	CHH	OB	2	70	218	237	746	785
phage_Xp12	CHH	OB	2	71	181	233	685	795
phage_Xp12	CHH	OB	2	72	204	225	761	760
phage_Xp12	CHH	OB	2	73	184	219	734	819
phage_Xp12	CHH	OB	2	74	163	179	712	548
phage_Xp12	CHH	OB	2	75	153	123	465	330
phage_Xp12	CHH	OB	2	76	101	0	277	0
phage_Xp12	CHH	OB	2	8	237	369	1908	1830
phage_Xp12	CHH	OB	2	9	286	342	1934	2052
phage_Xp12	CHH	OT	1	1	221	118	236	122
phage_Xp12	CHH	OT	1	10	201	279	212	289
phage_Xp12	CHH	OT	1	11	245	244	254	250
phage_Xp12	CHH	OT	1	12	246	303	261	312
phage_Xp12	CHH	OT	1	13	235	268	255	271
phage_Xp12	CHH	OT	1	14	232	338	243	345
phage_Xp12	CHH	OT	1	15	253	333	257	340
phage_Xp12	CHH	OT	1	16	273	343	289	361
phage_Xp12	CHH	OT	1	17	291	333	302	342
phage_Xp12	CHH	OT	1	18	266	375	273	390
phage_Xp12	CHH	OT	1	19	283	329	301	342
phage_Xp12	CHH	OT	1	2	100	278	105	286
phage_Xp12	CHH	OT	1	20	303	379	316	389
phage_Xp12	CHH	OT	1	21	306	338	312	347
phage_Xp12	CHH	OT	1	22	312	407	326	423
phage_Xp12	CHH	OT	1	23	327	413	341	425
phage_Xp12	CHH	OT	1	24	328	402	339	412
phage_Xp12	CHH	OT	1	25	315	387	322	397
phage_Xp12	CHH	OT	1	26	315	416	324	440
phage_Xp12	CHH	OT	1	27	303	412	313	424
phage_Xp12	CHH	OT	1	28	291	431	301	442
phage_Xp12	CHH	OT	1	29	346	401	355	422
phage_Xp12	CHH	OT	1	3	155	189	158	190
phage_Xp12	CHH	OT	1	30	320	403	332	419
phage_Xp12	CHH	OT	1	31	332	368	340	377
phage_Xp12	CHH	OT	1	32	340	425	353	435
phage_Xp12	CHH	OT	1	33	322	389	333	405
phage_Xp12	CHH	OT	1	34	313	407	321	421
phage_Xp12	CHH	OT	1	35	320	374	326	386
phage_Xp12	CHH	OT	1	36	314	401	322	409
phage_Xp12	CHH	OT	1	37	269	366	275	374
phage_Xp12	CHH	OT	1	38	274	336	283	343
phage_Xp12	CHH	OT	1	39	281	355	288	358
phage_Xp12	CHH	OT	1	4	160	193	166	198
phage_Xp12	CHH	OT	1	40	246	349	249	357
phage_Xp12	CHH	OT	1	41	300	334	306	336
phage_Xp12	CHH	OT	1	42	297	346	302	354
phage_Xp12	CHH	OT	1	43	241	336	245	345
phage_Xp12	CHH	OT	1	44	277	341	284	349
phage_Xp12	CHH	OT	1	45	231	307	235	311
phage_Xp12	CHH	OT	1	46	238	314	243	323
phage_Xp12	CHH	OT	1	47	206	274	211	276
phage_Xp12	CHH	OT	1	48	227	247	235	253
phage_Xp12	CHH	OT	1	49	196	267	199	273
phage_Xp12	CHH	OT	1	5	186	214	194	217
phage_Xp12	CHH	OT	1	50	198	263	203	266
phage_Xp12	CHH	OT	1	51	172	229	174	231
phage_Xp12	CHH	OT	1	52	162	230	167	237
phage_Xp12	CHH	OT	1	53	187	202	189	206
phage_Xp12	CHH	OT	1	54	160	204	162	207
phage_Xp12	CHH	OT	1	55	142	213	144	216
phage_Xp12	CHH	OT	1	56	128	231	128	237
phage_Xp12	CHH	OT	1	57	136	179	137	186
phage_Xp12	CHH	OT	1	58	144	207	147	214
phage_Xp12	CHH	OT	1	59	134	163	135	168
phage_Xp12	CHH	OT	1	6	166	235	171	241
phage_Xp12	CHH	OT	1	60	121	192	122	192
phage_Xp12	CHH	OT	1	61	117	145	121	150
phage_Xp12	CHH	OT	1	62	100	142	102	149
phage_Xp12	CHH	OT	1	63	126	128	128	129
phage_Xp12	CHH	OT	1	64	95	128	95	137
phage_Xp12	CHH	OT	1	65	100	120	103	122
phage_Xp12	CHH	OT	1	66	94	118	96	121
phage_Xp12	CHH	OT	1	67	102	107	102	110
phage_Xp12	CHH	OT	1	68	82	101	84	103
phage_Xp12	CHH	OT	1	69	91	88	92	90
phage_Xp12	CHH	OT	1	7	172	240	175	244
phage_Xp12	CHH	OT	1	70	73	91	74	92
phage_Xp12	CHH	OT	1	71	68	95	69	97
phage_Xp12	CHH	OT	1	72	68	100	68	101
phage_Xp12	CHH	OT	1	73	97	61	100	61
phage_Xp12	CHH	OT	1	74	66	101	69	101
phage_Xp12	CHH	OT	1	75	63	82	65	83
phage_Xp12	CHH	OT	1	76	57	83	61	85
phage_Xp12	CHH	OT	1	8	197	314	206	327
phage_Xp12	CHH	OT	1	9	213	248	220	253
phage_Xp12	CHH	OT	2	1	227	112	246	112
phage_Xp12	CHH	OT	2	10	235	300	245	310
phage_Xp12	CHH	OT	2	11	316	280	326	284
phage_Xp12	CHH	OT	2	12	285	371	301	382
phage_Xp12	CHH	OT	2	13	264	323	286	326
phage_Xp12	CHH	OT	2	14	269	384	283	394
phage_Xp12	CHH	OT	2	15	293	358	299	365
phage_Xp12	CHH	OT	2	16	322	398	335	419
phage_Xp12	CHH	OT	2	17	333	381	344	394
phage_Xp12	CHH	OT	2	18	297	465	304	481
phage_Xp12	CHH	OT	2	19	357	363	375	372
phage_Xp12	CHH	OT	2	2	150	276	156	285
phage_Xp12	CHH	OT	2	20	333	430	343	443
phage_Xp12	CHH	OT	2	21	334	389	342	398
phage_Xp12	CHH	OT	2	22	353	451	366	466
phage_Xp12	CHH	OT	2	23	397	446	414	457
phage_Xp12	CHH	OT	2	24	361	486	373	501
phage_Xp12	CHH	OT	2	25	362	415	370	426
phage_Xp12	CHH	OT	2	26	352	470	367	509
phage_Xp12	CHH	OT	2	27	351	449	367	465
phage_Xp12	CHH	OT	2	28	321	474	332	489
phage_Xp12	CHH	OT	2	29	353	441	363	451
phage_Xp12	CHH	OT	2	3	174	222	178	222
phage_Xp12	CHH	OT	2	30	355	488	374	515
phage_Xp12	CHH	OT	2	31	352	397	361	406
phage_Xp12	CHH	OT	2	32	350	447	361	457
phage_Xp12	CHH	OT	2	33	338	413	348	423
phage_Xp12	CHH	OT	2	34	356	432	361	447
phage_Xp12	CHH	OT	2	35	345	386	353	397
phage_Xp12	CHH	OT	2	36	283	417	290	425
phage_Xp12	CHH	OT	2	37	283	357	290	363
phage_Xp12	CHH	OT	2	38	280	326	287	334
phage_Xp12	CHH	OT	2	39	289	334	294	336
phage_Xp12	CHH	OT	2	4	185	235	189	242
phage_Xp12	CHH	OT	2	40	245	330	248	335
phage_Xp12	CHH	OT	2	41	248	294	254	297
phage_Xp12	CHH	OT	2	42	251	321	255	330
phage_Xp12	CHH	OT	2	43	224	272	227	281
phage_Xp12	CHH	OT	2	44	213	306	222	310
phage_Xp12	CHH	OT	2	45	214	259	218	262
phage_Xp12	CHH	OT	2	46	204	281	209	289
phage_Xp12	CHH	OT	2	47	180	234	185	237
phage_Xp12	CHH	OT	2	48	171	231	178	238
phage_Xp12	CHH	OT	2	49	161	224	164	227
phage_Xp12	CHH	OT	2	5	206	245	213	248
phage_Xp12	CHH	OT	2	50	166	221	169	229
phage_Xp12	CHH	OT	2	51	143	181	146	182
phage_Xp12	CHH	OT	2	52	135	179	140	183
phage_Xp12	CHH	OT	2	53	147	147	151	148
phage_Xp12	CHH	OT	2	54	135	151	137	153
phage_Xp12	CHH	OT	2	55	112	147	112	149
phage_Xp12	CHH	OT	2	56	96	175	96	180
phage_Xp12	CHH	OT	2	57	97	141	98	144
phage_Xp12	CHH	OT	2	58	114	140	117	142
phage_Xp12	CHH	OT	2	59	75	112	76	114
phage_Xp12	CHH	OT	2	6	188	298	192	310
phage_Xp12	CHH	OT	2	60	79	123	79	124
phage_Xp12	CHH	OT	2	61	83	109	86	112
phage_Xp12	CHH	OT	2	62	86	104	87	108
phage_Xp12	CHH	OT	2	63	86	88	86	89
phage_Xp12	CHH	OT	2	64	54	75	55	76
phage_Xp12	CHH	OT	2	65	81	70	81	71
phage_Xp12	CHH	OT	2	66	60	83	60	84
phage_Xp12	CHH	OT	2	67	63	58	63	58
phage_Xp12	CHH	OT	2	68	53	69	55	69
phage_Xp12	CHH	OT	2	69	53	64	53	64
phage_Xp12	CHH	OT	2	7	219	262	224	266
phage_Xp12	CHH	OT	2	70	48	66	48	66
phage_Xp12	CHH	OT	2	71	41	59	41	59
phage_Xp12	CHH	OT	2	72	47	61	47	61
phage_Xp12	CHH	OT	2	73	46	33	47	33
phage_Xp12	CHH	OT	2	74	35	50	37	51
phage_Xp12	CHH	OT	2	75	31	49	31	49
phage_Xp12	CHH	OT	2	76	21	21	23	21
phage_Xp12	CHH	OT	2	8	226	341	236	358
phage_Xp12	CHH	OT	2	9	238	286	245	293
phage_Xp12	CHG	OB	1	1	75	109	83	117
phage_Xp12	CHG	OB	1	10	99	109	105	110
phage_Xp12	CHG	OB	1	11	90	87	91	89
phage_Xp12	CHG	OB	1	12	83	101	86	101
phage_Xp12	CHG	OB	1	13	96	102	98	104
phage_Xp12	CHG	OB	1	14	91	85	94	86
phage_Xp12	CHG	OB	1	15	93	87	96	88
phage_Xp12	CHG	OB	1	16	120	95	123	95
phage_Xp12	CHG	OB	1	17	106	109	107	111
phage_Xp12	CHG	OB	1	18	111	79	115	81
phage_Xp12	CHG	OB	1	19	111	110	113	111
phage_Xp12	CHG	OB	1	2	103	96	118	101
phage_Xp12	CHG	OB	1	20	120	104	125	107
phage_Xp12	CHG	OB	1	21	97	95	99	96
phage_Xp12	CHG	OB	1	22	132	110	136	111
phage_Xp12	CHG	OB	1	23	131	111	137	113
phage_Xp12	CHG	OB	1	24	121	120	125	122
phage_Xp12	CHG	OB	1	25	133	116	133	120
phage_Xp12	CHG	OB	1	26	117	92	121	92
phage_Xp12	CHG	OB	1	27	121	104	123	105
phage_Xp12	CHG	OB	1	28	112	117	116	117
phage_Xp12	CHG	OB	1	29	121	122	126	124
phage_Xp12	CHG	OB	1	3	77	93	84	97
phage_Xp12	CHG	OB	1	30	116	108	122	110
phage_Xp12	CHG	OB	1	31	126	123	132	125
phage_Xp12	CHG	OB	1	32	130	117	134	117
phage_Xp12	CHG	OB	1	33	135	85	139	85
phage_Xp12	CHG	OB	1	34	138	127	144	128
phage_Xp12	CHG	OB	1	35	118	101	121	101
phage_Xp12	CHG	OB	1	36	132	93	138	94
phage_Xp12	CHG	OB	1	37	106	95	109	96
phage_Xp12	CHG	OB	1	38	118	84	121	87
phage_Xp12	CHG	OB	1	39	107	98	109	99
phage_Xp12	CHG	OB	1	4	88	69	104	72
phage_Xp12	CHG	OB	1	40	103	87	107	87
phage_Xp12	CHG	OB	1	41	81	94	83	94
phage_Xp12	CHG	OB	1	42	114	81	118	82
phage_Xp12	CHG	OB	1	43	81	74	81	76
phage_Xp12	CHG	OB	1	44	100	68	102	68
phage_Xp12	CHG	OB	1	45	83	64	84	64
phage_Xp12	CHG	OB	1	46	101	87	105	88
phage_Xp12	CHG	OB	1	47	66	68	67	68
phage_Xp12	CHG	OB	1	48	79	49	82	50
phage_Xp12	CHG	OB	1	49	73	73	73	76
phage_Xp12	CHG	OB	1	5	74	96	76	104
phage_Xp12	CHG	OB	1	50	76	57	76	57
phage_Xp12	CHG	OB	1	51	61	69	63	70
phage_Xp12	CHG	OB	1	52	75	48	78	51
phage_Xp12	CHG	OB	1	53	60	49	61	50
phage_Xp12	CHG	OB	1	54	50	62	51	62
phage_Xp12	CHG	OB	1	55	37	60	38	61
phage_Xp12	CHG	OB	1	56	43	40	44	41
phage_Xp12	CHG	OB	1	57	50	58	54	60
phage_Xp12	CHG	OB	1	58	46	37	47	39
phage_Xp12	CHG	OB	1	59	45	38	45	39
phage_Xp12	CHG	OB	1	6	88	95	94	97
phage_Xp12	CHG	OB	1	60	43	40	44	40
phage_Xp12	CHG	OB	1	61	44	50	45	51
phage_Xp12	CHG	OB	1	62	34	34	35	34
phage_Xp12	CHG	OB	1	63	31	37	32	38
phage_Xp12	CHG	OB	1	64	33	27	33	29
phage_Xp12	CHG	OB	1	65	20	33	21	34
phage_Xp12	CHG	OB	1	66	26	29	29	29
phage_Xp12	CHG	OB	1	67	22	26	23	26
phage_Xp12	CHG	OB	1	68	31	27	32	27
phage_Xp12	CHG	OB	1	69	26	30	28	32
phage_Xp12	CHG	OB	1	7	88	106	89	109
phage_Xp12	CHG	OB	1	70	18	17	22	19
phage_Xp12	CHG	OB	1	71	18	37	19	39
phage_Xp12	CHG	OB	1	72	34	22	44	27
phage_Xp12	CHG	OB	1	73	21	13	25	16
phage_Xp12	CHG	OB	1	74	24	11	27	13
phage_Xp12	CHG	OB	1	75	16	20	16	22
phage_Xp12	CHG	OB	1	76	20	1	22	4
phage_Xp12	CHG	OB	1	8	72	85	73	85
phage_Xp12	CHG	OB	1	9	78	85	81	88
phage_Xp12	CHG	OB	2	1	45	83	49	93
phage_Xp12	CHG	OB	2	10	97	80	105	81
phage_Xp12	CHG	OB	2	11	73	77	74	80
phage_Xp12	CHG	OB	2	12	72	85	73	85
phage_Xp12	CHG	OB	2	13	77	93	78	96
phage_Xp12	CHG	OB	2	14	86	72	89	73
phage_Xp12	CHG	OB	2	15	84	72	87	72
phage_Xp12	CHG	OB	2	16	93	84	93	84
phage_Xp12	CHG	OB	2	17	103	93	107	95
phage_Xp12	CHG	OB	2	18	95	70	99	70
phage_Xp12	CHG	OB	2	19	107	93	109	94
phage_Xp12	CHG	OB	2	2	93	81	103	90
phage_Xp12	CHG	OB	2	20	100	83	105	87
phage_Xp12	CHG	OB	2	21	95	86	96	87
phage_Xp12	CHG	OB	2	22	121	88	123	89
phage_Xp12	CHG	OB	2	23	113	103	119	105
phage_Xp12	CHG	OB	2	24	105	110	108	111
phage_Xp12	CHG	OB	2	25	104	109	105	112
phage_Xp12	CHG	OB	2	26	85	89	90	89
phage_Xp12	CHG	OB	2	27	112	100	114	100
phage_Xp12	CHG	OB	2	28	119	105	121	106
phage_Xp12	CHG	OB	2	29	127	114	131	116
phage_Xp12	CHG	OB	2	3	65	87	70	91
phage_Xp12	CHG	OB	2	30	111	102	118	103
phage_Xp12	CHG	OB	2	31	122	98	126	100
phage_Xp12	CHG	OB	2	32	126	89	130	90
phage_Xp12	CHG	OB	2	33	128	82	132	82
phage_Xp12	CHG	OB	2	34	110	129	115	131
phage_Xp12	CHG	OB	2	35	108	99	112	99
phage_Xp12	CHG	OB	2	36	132	92	137	94
phage_Xp12	CHG	OB	2	37	113	97	115	98
phage_Xp12	CHG	OB	2	38	139	96	143	97
phage_Xp12	CHG	OB	2	39	112	98	114	98
phage_Xp12	CHG	OB	2	4	67	53	78	56
phage_Xp12	CHG	OB	2	40	107	95	109	95
phage_Xp12	CHG	OB	2	41	89	100	90	101
phage_Xp12	CHG	OB	2	42	117	81	123	82
phage_Xp12	CHG	OB	2	43	93	86	93	87
phage_Xp12	CHG	OB	2	44	99	104	100	106
phage_Xp12	CHG	OB	2	45	101	79	103	79
phage_Xp12	CHG	OB	2	46	106	87	109	88
phage_Xp12	CHG	OB	2	47	88	92	91	92
phage_Xp12	CHG	OB	2	48	78	69	80	71
phage_Xp12	CHG	OB	2	49	76	86	76	88
phage_Xp12	CHG	OB	2	5	59	74	63	74
phage_Xp12	CHG	OB	2	50	84	86	84	86
phage_Xp12	CHG	OB	2	51	88	83	90	85
phage_Xp12	CHG	OB	2	52	75	59	75	62
phage_Xp12	CHG	OB	2	53	82	58	82	61
phage_Xp12	CHG	OB	2	54	75	59	75	59
phage_Xp12	CHG	OB	2	55	63	75	64	75
phage_Xp12	CHG	OB	2	56	56	57	57	58
phage_Xp12	CHG	OB	2	57	50	58	53	59
phage_Xp12	CHG	OB	2	58	68	56	68	58
phage_Xp12	CHG	OB	2	59	46	48	47	49
phage_Xp12	CHG	OB	2	6	79	81	88	84
phage_Xp12	CHG	OB	2	60	58	48	60	49
phage_Xp12	CHG	OB	2	61	48	58	50	59
phage_Xp12	CHG	OB	2	62	50	43	52	43
phage_Xp12	CHG	OB	2	63	49	35	52	35
phage_Xp12	CHG	OB	2	64	44	47	46	48
phage_Xp12	CHG	OB	2	65	41	50	42	51
phage_Xp12	CHG	OB	2	66	43	41	46	42
phage_Xp12	CHG	OB	2	67	32	45	32	46
phage_Xp12	CHG	OB	2	68	39	38	41	39
phage_Xp12	CHG	OB	2	69	34	50	36	50
phage_Xp12	CHG	OB	2	7	77	92	77	92
phage_Xp12	CHG	OB	2	70	35	27	37	28
phage_Xp12	CHG	OB	2	71	29	42	29	45
phage_Xp12	CHG	OB	2	72	30	39	32	45
phage_Xp12	CHG	OB	2	73	29	32	31	32
phage_Xp12	CHG	OB	2	74	38	23	38	24
phage_Xp12	CHG	OB	2	75	23	19	27	20
phage_Xp12	CHG	OB	2	76	19	0	21	0
phage_Xp12	CHG	OB	2	8	50	79	56	80
phage_Xp12	CHG	OB	2	9	65	66	65	69
phage_Xp12	CHG	OT	1	1	109	40	115	42
phage_Xp12	CHG	OT	1	10	79	95	79	101
phage_Xp12	CHG	OT	1	11	98	130	107	139
phage_Xp12	CHG	OT	1	12	84	93	85	99
phage_Xp12	CHG	OT	1	13	95	101	95	110
phage_Xp12	CHG	OT	1	14	123	128	132	132
phage_Xp12	CHG	OT	1	15	102	100	107	102
phage_Xp12	CHG	OT	1	16	97	147	98	155
phage_Xp12	CHG	OT	1	17	109	125	113	137
phage_Xp12	CHG	OT	1	18	114	127	120	130
phage_Xp12	CHG	OT	1	19	134	126	135	132
phage_Xp12	CHG	OT	1	2	47	152	48	167
phage_Xp12	CHG	OT	1	20	138	149	144	171
phage_Xp12	CHG	OT	1	21	133	130	134	132
phage_Xp12	CHG	OT	1	22	150	118	156	122
phage_Xp12	CHG	OT	1	23	121	158	123	171
phage_Xp12	CHG	OT	1	24	118	141	129	144
phage_Xp12	CHG	OT	1	25	162	109	169	110
phage_Xp12	CHG	OT	1	26	136	172	139	178
phage_Xp12	CHG	OT	1	27	131	130	134	133
phage_Xp12	CHG	OT	1	28	135	145	144	156
phage_Xp12	CHG	OT	1	29	149	154	152	164
phage_Xp12	CHG	OT	1	3	85	84	92	87
phage_Xp12	CHG	OT	1	30	128	154	133	164
phage_Xp12	CHG	OT	1	31	131	136	136	139
phage_Xp12	CHG	OT	1	32	149	170	157	175
phage_Xp12	CHG	OT	1	33	122	135	122	137
phage_Xp12	CHG	OT	1	34	132	161	134	173
phage_Xp12	CHG	OT	1	35	127	155	135	167
phage_Xp12	CHG	OT	1	36	102	144	106	150
phage_Xp12	CHG	OT	1	37	128	140	136	151
phage_Xp12	CHG	OT	1	38	146	151	149	164
phage_Xp12	CHG	OT	1	39	112	137	114	140
phage_Xp12	CHG	OT	1	4	63	83	64	84
phage_Xp12	CHG	OT	1	40	111	141	113	149
phage_Xp12	CHG	OT	1	41	139	138	143	149
phage_Xp12	CHG	OT	1	42	110	123	112	130
phage_Xp12	CHG	OT	1	43	125	139	129	141
phage_Xp12	CHG	OT	1	44	92	134	95	146
phage_Xp12	CHG	OT	1	45	116	85	118	88
phage_Xp12	CHG	OT	1	46	115	105	115	106
phage_Xp12	CHG	OT	1	47	121	137	123	150
phage_Xp12	CHG	OT	1	48	85	98	87	102
phage_Xp12	CHG	OT	1	49	93	88	101	90
phage_Xp12	CHG	OT	1	5	82	104	83	109
phage_Xp12	CHG	OT	1	50	90	99	90	105
phage_Xp12	CHG	OT	1	51	87	98	91	100
phage_Xp12	CHG	OT	1	52	86	105	86	105
phage_Xp12	CHG	OT	1	53	96	92	98	97
phage_Xp12	CHG	OT	1	54	61	79	62	79
phage_Xp12	CHG	OT	1	55	72	74	74	81
phage_Xp12	CHG	OT	1	56	74	95	76	101
phage_Xp12	CHG	OT	1	57	75	76	76	78
phage_Xp12	CHG	OT	1	58	58	73	58	79
phage_Xp12	CHG	OT	1	59	75	82	78	85
phage_Xp12	CHG	OT	1	6	55	89	55	91
phage_Xp12	CHG	OT	1	60	62	78	62	81
phage_Xp12	CHG	OT	1	61	56	74	57	78
phage_Xp12	CHG	OT	1	62	56	59	58	62
phage_Xp12	CHG	OT	1	63	57	65	59	70
phage_Xp12	CHG	OT	1	64	44	54	45	56
phage_Xp12	CHG	OT	1	65	54	71	56	74
phage_Xp12	CHG	OT	1	66	46	56	47	56
phage_Xp12	CHG	OT	1	67	50	60	51	64
phage_Xp12	CHG	OT	1	68	41	59	43	62
phage_Xp12	CHG	OT	1	69	47	49	47	52
phage_Xp12	CHG	OT	1	7	82	103	85	113
phage_Xp12	CHG	OT	1	70	43	52	45	53
phage_Xp12	CHG	OT	1	71	35	59	37	69
phage_Xp12	CHG	OT	1	72	45	37	48	37
phage_Xp12	CHG	OT	1	73	45	36	46	36
phage_Xp12	CHG	OT	1	74	35	58	35	70
phage_Xp12	CHG	OT	1	75	38	43	39	45
phage_Xp12	CHG	OT	1	76	34	33	37	34
phage_Xp12	CHG	OT	1	8	70	134	72	138
phage_Xp12	CHG	OT	1	9	81	88	91	93
phage_Xp12	CHG	OT	2	1	103	36	107	37
phage_Xp12	CHG	OT	2	10	87	93	89	96
phage_Xp12	CHG	OT	2	11	124	143	154	154
phage_Xp12	CHG	OT	2	12	107	107	109	110
phage_Xp12	CHG	OT	2	13	106	89	106	94
phage_Xp12	CHG	OT	2	14	125	160	128	167
phage_Xp12	CHG	OT	2	15	117	129	121	133
phage_Xp12	CHG	OT	2	16	95	130	97	136
phage_Xp12	CHG	OT	2	17	134	153	137	186
phage_Xp12	CHG	OT	2	18	131	165	137	172
phage_Xp12	CHG	OT	2	19	147	113	148	117
phage_Xp12	CHG	OT	2	2	66	136	71	143
phage_Xp12	CHG	OT	2	20	153	182	160	219
phage_Xp12	CHG	OT	2	21	144	179	145	180
phage_Xp12	CHG	OT	2	22	154	122	160	125
phage_Xp12	CHG	OT	2	23	136	169	142	174
phage_Xp12	CHG	OT	2	24	127	164	136	168
phage_Xp12	CHG	OT	2	25	168	114	174	115
phage_Xp12	CHG	OT	2	26	157	196	161	202
phage_Xp12	CHG	OT	2	27	146	155	149	158
phage_Xp12	CHG	OT	2	28	130	133	136	137
phage_Xp12	CHG	OT	2	29	173	173	177	181
phage_Xp12	CHG	OT	2	3	95	112	100	116
phage_Xp12	CHG	OT	2	30	163	183	171	192
phage_Xp12	CHG	OT	2	31	148	142	151	142
phage_Xp12	CHG	OT	2	32	194	185	221	193
phage_Xp12	CHG	OT	2	33	127	153	129	154
phage_Xp12	CHG	OT	2	34	142	133	144	141
phage_Xp12	CHG	OT	2	35	132	174	137	183
phage_Xp12	CHG	OT	2	36	110	168	113	174
phage_Xp12	CHG	OT	2	37	131	132	138	136
phage_Xp12	CHG	OT	2	38	152	178	154	211
phage_Xp12	CHG	OT	2	39	114	144	115	148
phage_Xp12	CHG	OT	2	4	72	81	72	81
phage_Xp12	CHG	OT	2	40	103	118	105	123
phage_Xp12	CHG	OT	2	41	131	132	133	139
phage_Xp12	CHG	OT	2	42	117	143	117	150
phage_Xp12	CHG	OT	2	43	117	108	121	110
phage_Xp12	CHG	OT	2	44	88	145	91	176
phage_Xp12	CHG	OT	2	45	92	85	94	88
phage_Xp12	CHG	OT	2	46	89	92	89	92
phage_Xp12	CHG	OT	2	47	119	126	122	130
phage_Xp12	CHG	OT	2	48	71	89	72	92
phage_Xp12	CHG	OT	2	49	53	82	55	83
phage_Xp12	CHG	OT	2	5	96	122	100	126
phage_Xp12	CHG	OT	2	50	85	81	85	81
phage_Xp12	CHG	OT	2	51	77	92	80	93
phage_Xp12	CHG	OT	2	52	65	72	65	72
phage_Xp12	CHG	OT	2	53	80	102	83	105
phage_Xp12	CHG	OT	2	54	49	78	49	80
phage_Xp12	CHG	OT	2	55	63	58	63	58
phage_Xp12	CHG	OT	2	56	48	75	49	76
phage_Xp12	CHG	OT	2	57	55	68	56	71
phage_Xp12	CHG	OT	2	58	43	53	43	54
phage_Xp12	CHG	OT	2	59	68	66	71	68
phage_Xp12	CHG	OT	2	6	71	109	71	112
phage_Xp12	CHG	OT	2	60	38	54	38	54
phage_Xp12	CHG	OT	2	61	33	43	33	45
phage_Xp12	CHG	OT	2	62	48	43	49	47
phage_Xp12	CHG	OT	2	63	44	53	47	56
phage_Xp12	CHG	OT	2	64	29	35	29	36
phage_Xp12	CHG	OT	2	65	40	51	41	54
phage_Xp12	CHG	OT	2	66	24	37	24	37
phage_Xp12	CHG	OT	2	67	26	33	26	36
phage_Xp12	CHG	OT	2	68	35	44	36	46
phage_Xp12	CHG	OT	2	69	17	62	17	67
phage_Xp12	CHG	OT	2	7	85	94	88	99
phage_Xp12	CHG	OT	2	70	22	32	22	32
phage_Xp12	CHG	OT	2	71	39	72	41	104
phage_Xp12	CHG	OT	2	72	18	39	18	40
phage_Xp12	CHG	OT	2	73	25	32	25	32
phage_Xp12	CHG	OT	2	74	24	36	29	37
phage_Xp12	CHG	OT	2	75	8	21	8	21
phage_Xp12	CHG	OT	2	76	12	16	12	16
phage_Xp12	CHG	OT	2	8	91	144	94	151
phage_Xp12	CHG	OT	2	9	108	115	120	118
phage_Xp12	CpG	OB	1	1	160	216	338	453
phage_Xp12	CpG	OB	1	10	101	187	197	329
phage_Xp12	CpG	OB	1	11	115	219	220	356
phage_Xp12	CpG	OB	1	12	119	219	239	386
phage_Xp12	CpG	OB	1	13	125	193	278	401
phage_Xp12	CpG	OB	1	14	117	256	441	594
phage_Xp12	CpG	OB	1	15	128	234	481	686
phage_Xp12	CpG	OB	1	16	138	241	517	685
phage_Xp12	CpG	OB	1	17	130	244	592	871
phage_Xp12	CpG	OB	1	18	141	247	531	825
phage_Xp12	CpG	OB	1	19	136	264	493	827
phage_Xp12	CpG	OB	1	2	103	180	292	373
phage_Xp12	CpG	OB	1	20	140	238	460	694
phage_Xp12	CpG	OB	1	21	144	291	452	737
phage_Xp12	CpG	OB	1	22	141	269	424	674
phage_Xp12	CpG	OB	1	23	145	253	411	702
phage_Xp12	CpG	OB	1	24	147	280	418	644
phage_Xp12	CpG	OB	1	25	128	280	428	741
phage_Xp12	CpG	OB	1	26	164	265	413	601
phage_Xp12	CpG	OB	1	27	143	272	399	653
phage_Xp12	CpG	OB	1	28	142	276	346	607
phage_Xp12	CpG	OB	1	29	131	302	347	620
phage_Xp12	CpG	OB	1	3	88	160	233	328
phage_Xp12	CpG	OB	1	30	114	275	299	568
phage_Xp12	CpG	OB	1	31	139	269	317	564
phage_Xp12	CpG	OB	1	32	145	254	351	516
phage_Xp12	CpG	OB	1	33	149	265	344	590
phage_Xp12	CpG	OB	1	34	128	251	422	616
phage_Xp12	CpG	OB	1	35	110	283	310	626
phage_Xp12	CpG	OB	1	36	127	253	404	627
phage_Xp12	CpG	OB	1	37	118	235	346	591
phage_Xp12	CpG	OB	1	38	123	247	945	1117
phage_Xp12	CpG	OB	1	39	120	269	297	581
phage_Xp12	CpG	OB	1	4	108	163	247	299
phage_Xp12	CpG	OB	1	40	93	228	225	474
phage_Xp12	CpG	OB	1	41	113	245	264	506
phage_Xp12	CpG	OB	1	42	118	229	262	431
phage_Xp12	CpG	OB	1	43	104	225	244	447
phage_Xp12	CpG	OB	1	44	93	207	205	389
phage_Xp12	CpG	OB	1	45	90	217	213	450
phage_Xp12	CpG	OB	1	46	99	172	200	347
phage_Xp12	CpG	OB	1	47	84	180	207	394
phage_Xp12	CpG	OB	1	48	92	187	204	366
phage_Xp12	CpG	OB	1	49	87	138	221	340
phage_Xp12	CpG	OB	1	5	94	212	216	348
phage_Xp12	CpG	OB	1	50	77	165	197	309
phage_Xp12	CpG	OB	1	51	61	177	155	376
phage_Xp12	CpG	OB	1	52	77	135	180	297
phage_Xp12	CpG	OB	1	53	88	142	215	349
phage_Xp12	CpG	OB	1	54	78	144	862	964
phage_Xp12	CpG	OB	1	55	84	119	231	311
phage_Xp12	CpG	OB	1	56	86	121	862	892
phage_Xp12	CpG	OB	1	57	82	131	153	236
phage_Xp12	CpG	OB	1	58	67	117	105	188
phage_Xp12	CpG	OB	1	59	63	101	94	147
phage_Xp12	CpG	OB	1	6	101	166	234	319
phage_Xp12	CpG	OB	1	60	59	99	80	128
phage_Xp12	CpG	OB	1	61	39	66	58	99
phage_Xp12	CpG	OB	1	62	33	61	50	83
phage_Xp12	CpG	OB	1	63	46	83	61	109
phage_Xp12	CpG	OB	1	64	26	65	39	78
phage_Xp12	CpG	OB	1	65	37	71	50	89
phage_Xp12	CpG	OB	1	66	40	60	55	81
phage_Xp12	CpG	OB	1	67	32	55	57	85
phage_Xp12	CpG	OB	1	68	33	68	54	91
phage_Xp12	CpG	OB	1	69	29	56	48	81
phage_Xp12	CpG	OB	1	7	95	189	245	360
phage_Xp12	CpG	OB	1	70	28	46	48	79
phage_Xp12	CpG	OB	1	71	27	39	55	60
phage_Xp12	CpG	OB	1	72	24	48	75	116
phage_Xp12	CpG	OB	1	73	27	45	70	85
phage_Xp12	CpG	OB	1	74	34	50	83	101
phage_Xp12	CpG	OB	1	75	25	49	54	108
phage_Xp12	CpG	OB	1	76	36	27	103	49
phage_Xp12	CpG	OB	1	8	100	174	214	278
phage_Xp12	CpG	OB	1	9	130	194	282	355
phage_Xp12	CpG	OB	2	1	124	197	196	339
phage_Xp12	CpG	OB	2	10	101	168	163	259
phage_Xp12	CpG	OB	2	11	94	171	148	261
phage_Xp12	CpG	OB	2	12	114	184	171	272
phage_Xp12	CpG	OB	2	13	107	191	177	323
phage_Xp12	CpG	OB	2	14	111	197	213	316
phage_Xp12	CpG	OB	2	15	109	199	207	384
phage_Xp12	CpG	OB	2	16	109	227	208	432
phage_Xp12	CpG	OB	2	17	119	202	282	479
phage_Xp12	CpG	OB	2	18	125	247	1508	1679
phage_Xp12	CpG	OB	2	19	119	259	384	728
phage_Xp12	CpG	OB	2	2	104	149	1678	1131
phage_Xp12	CpG	OB	2	20	111	223	1597	1508
phage_Xp12	CpG	OB	2	21	128	236	393	638
phage_Xp12	CpG	OB	2	22	128	249	973	1128
phage_Xp12	CpG	OB	2	23	113	230	348	594
phage_Xp12	CpG	OB	2	24	113	258	273	486
phage_Xp12	CpG	OB	2	25	117	240	287	548
phage_Xp12	CpG	OB	2	26	142	253	293	527
phage_Xp12	CpG	OB	2	27	114	248	255	568
phage_Xp12	CpG	OB	2	28	121	266	269	535
phage_Xp12	CpG	OB	2	29	139	291	307	574
phage_Xp12	CpG	OB	2	3	75	132	227	390
phage_Xp12	CpG	OB	2	30	94	255	216	478
phage_Xp12	CpG	OB	2	31	122	258	301	549
phage_Xp12	CpG	OB	2	32	131	244	291	500
phage_Xp12	CpG	OB	2	33	129	237	325	532
phage_Xp12	CpG	OB	2	34	147	250	346	583
phage_Xp12	CpG	OB	2	35	104	276	306	598
phage_Xp12	CpG	OB	2	36	128	244	321	546
phage_Xp12	CpG	OB	2	37	124	254	315	592
phage_Xp12	CpG	OB	2	38	120	266	1036	1152
phage_Xp12	CpG	OB	2	39	116	247	413	663
phage_Xp12	CpG	OB	2	4	83	137	130	203
phage_Xp12	CpG	OB	2	40	110	232	989	1115
phage_Xp12	CpG	OB	2	41	126	244	414	675
phage_Xp12	CpG	OB	2	42	120	253	271	503
phage_Xp12	CpG	OB	2	43	136	258	307	541
phage_Xp12	CpG	OB	2	44	110	202	286	492
phage_Xp12	CpG	OB	2	45	112	251	342	631
phage_Xp12	CpG	OB	2	46	123	202	311	491
phage_Xp12	CpG	OB	2	47	96	186	290	497
phage_Xp12	CpG	OB	2	48	115	200	290	444
phage_Xp12	CpG	OB	2	49	103	186	291	519
phage_Xp12	CpG	OB	2	5	84	167	154	233
phage_Xp12	CpG	OB	2	50	97	184	316	475
phage_Xp12	CpG	OB	2	51	92	178	330	548
phage_Xp12	CpG	OB	2	52	98	181	353	529
phage_Xp12	CpG	OB	2	53	89	191	345	631
phage_Xp12	CpG	OB	2	54	86	189	325	557
phage_Xp12	CpG	OB	2	55	98	152	294	474
phage_Xp12	CpG	OB	2	56	81	149	253	402
phage_Xp12	CpG	OB	2	57	89	151	213	314
phage_Xp12	CpG	OB	2	58	83	143	160	270
phage_Xp12	CpG	OB	2	59	72	148	115	234
phage_Xp12	CpG	OB	2	6	93	151	160	235
phage_Xp12	CpG	OB	2	60	89	126	130	184
phage_Xp12	CpG	OB	2	61	64	127	84	164
phage_Xp12	CpG	OB	2	62	51	101	61	126
phage_Xp12	CpG	OB	2	63	65	113	81	134
phage_Xp12	CpG	OB	2	64	64	87	81	103
phage_Xp12	CpG	OB	2	65	52	100	109	155
phage_Xp12	CpG	OB	2	66	48	80	82	123
phage_Xp12	CpG	OB	2	67	40	102	63	127
phage_Xp12	CpG	OB	2	68	41	93	57	124
phage_Xp12	CpG	OB	2	69	38	74	74	110
phage_Xp12	CpG	OB	2	7	83	170	140	256
phage_Xp12	CpG	OB	2	70	49	74	108	109
phage_Xp12	CpG	OB	2	71	38	78	113	141
phage_Xp12	CpG	OB	2	72	44	67	139	143
phage_Xp12	CpG	OB	2	73	49	69	128	142
phage_Xp12	CpG	OB	2	74	39	54	125	93
phage_Xp12	CpG	OB	2	75	51	56	103	109
phage_Xp12	CpG	OB	2	76	30	0	64	0
phage_Xp12	CpG	OB	2	8	84	152	138	216
phage_Xp12	CpG	OB	2	9	89	189	165	285
phage_Xp12	CpG	OT	1	1	116	83	121	84
phage_Xp12	CpG	OT	1	10	82	183	93	184
phage_Xp12	CpG	OT	1	11	93	175	97	180
phage_Xp12	CpG	OT	1	12	101	237	102	244
phage_Xp12	CpG	OT	1	13	90	173	93	179
phage_Xp12	CpG	OT	1	14	83	184	87	190
phage_Xp12	CpG	OT	1	15	84	240	84	244
phage_Xp12	CpG	OT	1	16	78	212	82	217
phage_Xp12	CpG	OT	1	17	97	197	98	203
phage_Xp12	CpG	OT	1	18	92	237	98	240
phage_Xp12	CpG	OT	1	19	87	196	91	200
phage_Xp12	CpG	OT	1	2	65	222	67	225
phage_Xp12	CpG	OT	1	20	101	241	101	248
phage_Xp12	CpG	OT	1	21	101	230	108	233
phage_Xp12	CpG	OT	1	22	103	231	106	236
phage_Xp12	CpG	OT	1	23	103	254	105	259
phage_Xp12	CpG	OT	1	24	125	258	132	263
phage_Xp12	CpG	OT	1	25	111	227	117	231
phage_Xp12	CpG	OT	1	26	102	263	108	271
phage_Xp12	CpG	OT	1	27	107	273	110	280
phage_Xp12	CpG	OT	1	28	103	260	104	268
phage_Xp12	CpG	OT	1	29	110	220	113	224
phage_Xp12	CpG	OT	1	3	83	157	84	167
phage_Xp12	CpG	OT	1	30	109	278	115	283
phage_Xp12	CpG	OT	1	31	90	205	92	212
phage_Xp12	CpG	OT	1	32	111	238	116	241
phage_Xp12	CpG	OT	1	33	109	248	111	253
phage_Xp12	CpG	OT	1	34	141	233	142	240
phage_Xp12	CpG	OT	1	35	98	223	99	224
phage_Xp12	CpG	OT	1	36	107	254	109	259
phage_Xp12	CpG	OT	1	37	96	181	98	184
phage_Xp12	CpG	OT	1	38	100	227	102	237
phage_Xp12	CpG	OT	1	39	117	245	121	246
phage_Xp12	CpG	OT	1	4	77	162	78	169
phage_Xp12	CpG	OT	1	40	101	226	105	231
phage_Xp12	CpG	OT	1	41	99	209	102	213
phage_Xp12	CpG	OT	1	42	89	244	92	246
phage_Xp12	CpG	OT	1	43	95	210	99	214
phage_Xp12	CpG	OT	1	44	104	218	105	223
phage_Xp12	CpG	OT	1	45	103	210	108	216
phage_Xp12	CpG	OT	1	46	75	174	77	180
phage_Xp12	CpG	OT	1	47	80	199	81	201
phage_Xp12	CpG	OT	1	48	88	206	92	209
phage_Xp12	CpG	OT	1	49	85	147	86	151
phage_Xp12	CpG	OT	1	5	78	152	82	155
phage_Xp12	CpG	OT	1	50	84	189	85	196
phage_Xp12	CpG	OT	1	51	85	168	87	174
phage_Xp12	CpG	OT	1	52	75	172	76	185
phage_Xp12	CpG	OT	1	53	62	184	62	190
phage_Xp12	CpG	OT	1	54	73	180	74	187
phage_Xp12	CpG	OT	1	55	67	146	68	150
phage_Xp12	CpG	OT	1	56	65	141	68	146
phage_Xp12	CpG	OT	1	57	71	182	74	195
phage_Xp12	CpG	OT	1	58	47	151	48	159
phage_Xp12	CpG	OT	1	59	54	116	57	120
phage_Xp12	CpG	OT	1	6	93	185	93	189
phage_Xp12	CpG	OT	1	60	44	167	49	178
phage_Xp12	CpG	OT	1	61	58	108	58	115
phage_Xp12	CpG	OT	1	62	40	118	40	127
phage_Xp12	CpG	OT	1	63	51	111	54	121
phage_Xp12	CpG	OT	1	64	48	123	48	133
phage_Xp12	CpG	OT	1	65	35	105	35	116
phage_Xp12	CpG	OT	1	66	60	112	62	117
phage_Xp12	CpG	OT	1	67	40	101	40	102
phage_Xp12	CpG	OT	1	68	44	107	44	128
phage_Xp12	CpG	OT	1	69	33	70	35	73
phage_Xp12	CpG	OT	1	7	64	148	65	152
phage_Xp12	CpG	OT	1	70	29	87	30	91
phage_Xp12	CpG	OT	1	71	41	78	41	87
phage_Xp12	CpG	OT	1	72	29	90	32	99
phage_Xp12	CpG	OT	1	73	31	54	31	54
phage_Xp12	CpG	OT	1	74	22	58	22	58
phage_Xp12	CpG	OT	1	75	36	70	38	78
phage_Xp12	CpG	OT	1	76	45	40	47	41
phage_Xp12	CpG	OT	1	8	96	182	99	188
phage_Xp12	CpG	OT	1	9	100	195	101	197
phage_Xp12	CpG	OT	2	1	118	90	124	92
phage_Xp12	CpG	OT	2	10	115	220	126	224
phage_Xp12	CpG	OT	2	11	89	180	92	185
phage_Xp12	CpG	OT	2	12	113	275	116	282
phage_Xp12	CpG	OT	2	13	104	201	107	206
phage_Xp12	CpG	OT	2	14	86	193	87	198
phage_Xp12	CpG	OT	2	15	102	249	104	251
phage_Xp12	CpG	OT	2	16	82	248	86	254
phage_Xp12	CpG	OT	2	17	99	208	100	212
phage_Xp12	CpG	OT	2	18	109	272	116	277
phage_Xp12	CpG	OT	2	19	114	222	117	226
phage_Xp12	CpG	OT	2	2	81	201	83	206
phage_Xp12	CpG	OT	2	20	111	261	111	268
phage_Xp12	CpG	OT	2	21	123	265	135	272
phage_Xp12	CpG	OT	2	22	109	274	111	279
phage_Xp12	CpG	OT	2	23	105	259	107	264
phage_Xp12	CpG	OT	2	24	128	302	132	307
phage_Xp12	CpG	OT	2	25	128	265	133	269
phage_Xp12	CpG	OT	2	26	113	278	116	285
phage_Xp12	CpG	OT	2	27	129	304	132	310
phage_Xp12	CpG	OT	2	28	118	280	120	287
phage_Xp12	CpG	OT	2	29	95	223	96	224
phage_Xp12	CpG	OT	2	3	89	185	91	190
phage_Xp12	CpG	OT	2	30	115	337	119	341
phage_Xp12	CpG	OT	2	31	107	265	110	277
phage_Xp12	CpG	OT	2	32	122	258	122	261
phage_Xp12	CpG	OT	2	33	118	278	119	280
phage_Xp12	CpG	OT	2	34	135	266	137	274
phage_Xp12	CpG	OT	2	35	109	205	110	205
phage_Xp12	CpG	OT	2	36	110	281	113	284
phage_Xp12	CpG	OT	2	37	100	218	101	220
phage_Xp12	CpG	OT	2	38	101	205	103	212
phage_Xp12	CpG	OT	2	39	103	256	108	257
phage_Xp12	CpG	OT	2	4	97	186	99	194
phage_Xp12	CpG	OT	2	40	95	221	96	227
phage_Xp12	CpG	OT	2	41	82	194	85	197
phage_Xp12	CpG	OT	2	42	87	218	89	220
phage_Xp12	CpG	OT	2	43	89	209	94	214
phage_Xp12	CpG	OT	2	44	80	163	81	169
phage_Xp12	CpG	OT	2	45	100	174	101	178
phage_Xp12	CpG	OT	2	46	74	172	77	178
phage_Xp12	CpG	OT	2	47	77	136	77	138
phage_Xp12	CpG	OT	2	48	76	218	78	223
phage_Xp12	CpG	OT	2	49	63	140	63	142
phage_Xp12	CpG	OT	2	5	75	174	78	177
phage_Xp12	CpG	OT	2	50	63	136	64	139
phage_Xp12	CpG	OT	2	51	73	166	74	175
phage_Xp12	CpG	OT	2	52	70	129	70	137
phage_Xp12	CpG	OT	2	53	57	130	57	131
phage_Xp12	CpG	OT	2	54	64	162	64	172
phage_Xp12	CpG	OT	2	55	66	107	68	110
phage_Xp12	CpG	OT	2	56	41	123	42	130
phage_Xp12	CpG	OT	2	57	56	120	58	125
phage_Xp12	CpG	OT	2	58	50	129	53	136
phage_Xp12	CpG	OT	2	59	45	95	45	102
phage_Xp12	CpG	OT	2	6	86	228	87	234
phage_Xp12	CpG	OT	2	60	37	152	42	184
phage_Xp12	CpG	OT	2	61	37	73	37	77
phage_Xp12	CpG	OT	2	62	36	79	36	87
phage_Xp12	CpG	OT	2	63	46	94	46	103
phage_Xp12	CpG	OT	2	64	30	95	31	101
phage_Xp12	CpG	OT	2	65	23	98	23	131
phage_Xp12	CpG	OT	2	66	44	104	44	112
phage_Xp12	CpG	OT	2	67	27	51	27	51
phage_Xp12	CpG	OT	2	68	23	103	23	138
phage_Xp12	CpG	OT	2	69	33	52	34	56
phage_Xp12	CpG	OT	2	7	82	170	82	175
phage_Xp12	CpG	OT	2	70	32	62	32	67
phage_Xp12	CpG	OT	2	71	31	42	31	43
phage_Xp12	CpG	OT	2	72	18	100	18	132
phage_Xp12	CpG	OT	2	73	20	39	20	40
phage_Xp12	CpG	OT	2	74	19	30	19	30
phage_Xp12	CpG	OT	2	75	15	50	15	52
phage_Xp12	CpG	OT	2	76	5	16	5	16
phage_Xp12	CpG	OT	2	8	88	201	90	207
phage_Xp12	CpG	OT	2	9	108	229	109	232
